Guide,LN_mean,Geo_mean,50_percentile,95_percentile,TTN,TTB,TTN_normalized,TTB_normalized,50_percentile_relative,95_percentile_relative,Geo_mean_relative,LN_mean_relative,TTB_relative,TTB_normalized_relative,TTN_relative,TTN_normalized_relative,Type,Bootstrap_id,95_percentile_relative_95P,95_percentile_relative_5P,95_percentile_relative_fraction_greater_than_one,95_percentile_relative_bootstrap_median,95_percentile_relative_bootstrap_mean,95_percentile_relative_97.5P,95_percentile_relative_2.5P,Geo_mean_relative_95P,Geo_mean_relative_5P,Geo_mean_relative_fraction_greater_than_one,Geo_mean_relative_bootstrap_median,Geo_mean_relative_bootstrap_mean,Geo_mean_relative_97.5P,Geo_mean_relative_2.5P,TTN_normalized_relative_95P,TTN_normalized_relative_5P,TTN_normalized_relative_fraction_greater_than_one,TTN_normalized_relative_bootstrap_median,TTN_normalized_relative_bootstrap_mean,TTN_normalized_relative_97.5P,TTN_normalized_relative_2.5P,TTB_normalized_relative_95P,TTB_normalized_relative_5P,TTB_normalized_relative_fraction_greater_than_one,TTB_normalized_relative_bootstrap_median,TTB_normalized_relative_bootstrap_mean,TTB_normalized_relative_97.5P,TTB_normalized_relative_2.5P,50_percentile_relative_95P,50_percentile_relative_5P,50_percentile_relative_fraction_greater_than_one,50_percentile_relative_bootstrap_median,50_percentile_relative_bootstrap_mean,50_percentile_relative_97.5P,50_percentile_relative_2.5P,LN_mean_relative_95P,LN_mean_relative_5P,LN_mean_relative_fraction_greater_than_one,LN_mean_relative_bootstrap_median,LN_mean_relative_bootstrap_mean,LN_mean_relative_97.5P,LN_mean_relative_2.5P,95_percentile_relative_pvalue,95_percentile_relative_pvalue_FDR,95_percentile_relative_pvalue_twoside,95_percentile_relative_pvalue_twoside_FDR,Geo_mean_relative_pvalue,Geo_mean_relative_pvalue_FDR,Geo_mean_relative_pvalue_twoside,Geo_mean_relative_pvalue_twoside_FDR,TTN_normalized_relative_pvalue,TTN_normalized_relative_pvalue_FDR,TTN_normalized_relative_pvalue_twoside,TTN_normalized_relative_pvalue_twoside_FDR,TTB_normalized_relative_pvalue,TTB_normalized_relative_pvalue_FDR,TTB_normalized_relative_pvalue_twoside,TTB_normalized_relative_pvalue_twoside_FDR,50_percentile_relative_pvalue,50_percentile_relative_pvalue_FDR,50_percentile_relative_pvalue_twoside,50_percentile_relative_pvalue_twoside_FDR,LN_mean_relative_pvalue,LN_mean_relative_pvalue_FDR,LN_mean_relative_pvalue_twoside,LN_mean_relative_pvalue_twoside_FDR,Experiment,Mouse_genotype,Position
Pten_1,2327.9255039368463,1312.1778453651837,1108.9206505667817,9178.321678321678,138553.0,360563296.222628,21.982072029192448,68.2536843973983,0.9878501543629749,0.959287656177327,0.978286244563696,0.9642613283095772,0.9800788781453424,0.9806598042838944,1.011682840098428,0.9994642822500576,Inert,Real,0.976976167130822,0.9449737589490794,0.0,0.9598964938257384,0.9600727105673388,0.9806569014672422,0.942029689685174,0.9881471478125092,0.9708632836310428,0.0,0.978689327336441,0.9788379217466184,0.990085323498111,0.969210019867706,1.0253947032790427,0.9782419178975236,0.493,0.999715223013093,1.000537918063655,1.0299019105157596,0.9747173779962724,1.029902564725836,0.9450832247776472,0.259,0.9814008476158906,0.9836201322715248,1.0422838985431817,0.9404415009613702,1.0,0.9605698974146843,0.031,0.9812993712719652,0.9815668039144438,1.0010267909577175,0.9572432468724122,0.9797171638798992,0.9525279530414612,0.0,0.9645215135574932,0.9650183370679656,0.9825577757084814,0.9507532523366972,0.0,0.0,0.0,0.0,0.0,0.0,0.0,0.0,0.493,0.493,0.986,0.986,0.259,0.3885,0.518,0.777,0.031,0.057,0.062,0.1140000000000001,0.0,0.0,0.0,0.0,OncNeg,Cas12a,Guide3
Pten_2,2496.510593488923,1368.905579841023,1136.3636363636365,9909.847700399429,157595.0,434996270.8432643,22.19960557825046,70.98448484008766,1.0122969511123618,1.0357443230654728,1.0205792633941813,1.034091776968593,1.1824017075277629,1.01989557963155,1.1507232408198431,1.0093549336948275,Inert,Real,1.0458741880469924,1.0223573393158163,1.0,1.0334563687798457,1.0335985339069218,1.048394137051484,1.0200540933071145,1.0249623975041962,1.0152398723637632,1.0,1.020600642222881,1.0204479060551364,1.0259481943705429,1.014137021707026,1.029310319671814,0.9867024429150038,0.748,1.009201855649551,1.0085017281283613,1.0335644743959749,0.9815463272021148,1.0500961308831884,0.981934774733706,0.805,1.0200368612135964,1.0182037542215718,1.0583312768706832,0.975012955951578,1.043937023557694,1.0004163607875791,0.962,1.0177330012134087,1.0209858566042096,1.0449519874517006,1.0,1.0408573970381518,1.0262498393945485,1.0,1.0340758958594276,1.033911579586447,1.0425676559177413,1.0246995496202955,0.0,0.0,0.0,0.0,0.0,0.0,0.0,0.0,0.252,0.378,0.504,0.756,0.1949999999999999,0.3885,0.3899999999999999,0.777,0.038,0.057,0.076,0.1140000000000001,0.0,0.0,0.0,0.0,OncNeg,Cas12a,Guide3
Pten_3,2418.1819634412204,1342.824258225648,1122.394441475147,9615.384615384615,114711.0,308116792.8561029,21.79988597491448,69.56110274013652,0.999852894524663,1.0049680207571998,1.0011344920421226,1.0016468947218298,0.8375194143268949,0.9994446160845551,0.8375939190817288,0.9911807840551156,Inert,Real,1.0185655127122557,0.9927732073137588,0.802,1.006398407637532,1.0063287555257394,1.0206944793842272,0.9898603795863308,1.0084344196482884,0.9920345714654388,0.567,1.0008712895426273,1.000714172198245,1.0101037055002582,0.990648387360476,1.0104119778067338,0.9712819916644112,0.244,0.9907412672427268,0.9909603538079834,1.0154336410437803,0.968134438347252,1.029652700457152,0.9654221027610688,0.472,0.9985541417144528,0.9981761135069036,1.0341897661449226,0.9574878141831428,1.013856122818181,0.9791014742813312,0.417,0.9990285991365474,0.9974473394813465,1.0184630499376977,0.9767441860465116,1.0116648390366507,0.988698331507687,0.58,1.00140469392886,1.0010700833455874,1.0135311753897376,0.9863537077676042,0.1979999999999999,0.1979999999999999,0.3959999999999999,0.3959999999999999,0.433,0.433,0.8660000000000001,0.8660000000000001,0.244,0.378,0.488,0.756,0.472,0.472,0.944,0.944,0.417,0.417,0.834,0.834,0.42,0.4200000000000001,0.8400000000000001,0.8400000000000002,OncNeg,Cas12a,Guide3
Rbl2_1,1555.413440741948,864.466275577327,598.8023952095808,7460.31746031746,48388.0,298994675.2268529,190.503937007874,1633.6089432320637,1.0,0.9994890503589148,0.9956477740378474,0.9932012088901162,0.882122629322818,0.7712501739407617,0.925312816720954,0.8852672863044753,Inert,Real,1.0395640625043845,0.9701509326972152,0.54,1.0017142214487016,1.003360631385927,1.0490821202564935,0.963878238628295,1.0061484184546072,0.9857015112173692,0.231,0.9949143659669264,0.9952635071780618,1.0087026230229077,0.9839748987943132,1.014931538840032,0.7631221163565861,0.074,0.8804834375628197,0.8812690723786318,1.0587397522708566,0.6741102605280177,1.0060993341286772,0.5968744614709454,0.053,0.7733054992876174,0.7859070027579825,1.056349324143325,0.5637632373509874,1.0000332225913622,0.9613428280773144,0.05,1.0,0.9928087259077336,1.012998266897747,0.9608986423844904,1.014438445991248,0.9732610670334452,0.276,0.99162710281784,0.9925540924489822,1.020695813131345,0.9686815342459236,0.4599999999999999,0.4599999999999999,0.92,0.92,0.231,0.38,0.462,0.7600000000000001,0.074,0.1725,0.148,0.345,0.053,0.159,0.106,0.318,0.05,0.15,0.1,0.3,0.276,0.4379999999999999,0.552,0.8759999999999999,SCLC,Cas12a,Guide3
Rbl2_2,1575.3870010999383,870.5737743469313,598.8023952095808,7370.517928286853,47206.0,330988114.87622344,231.40196078431373,2582.127259125913,1.0,0.9874582420897816,1.00268207685184,1.0059552225650483,0.9765127286888718,1.2190592528209143,0.9027096971589932,1.0753194347925572,Inert,Real,1.0338603307954843,0.9369506944979594,0.294,0.983620952204108,0.984446110428314,1.041215881275308,0.9306469404181854,1.012650890034577,0.99212107253168,0.638,1.0024187104987077,1.0024076416861092,1.0146229069252202,0.9904292938803408,1.2201414031679154,0.9672239201240068,0.885,1.078027007481126,1.0858240888588353,1.284782568705149,0.9462122093801836,1.4654973939164144,0.9233595998163672,0.882,1.188641395984968,1.1912607280642176,1.526040283567136,0.8711758830368459,1.0276857087151492,0.9825015783495344,0.305,1.0,1.0029217484162745,1.0349271572655958,0.9800709133145864,1.0292915758227017,0.9795816027483436,0.629,1.00604281378978,1.0051974931966678,1.0330128272702035,0.9749407828891704,0.294,0.4599999999999999,0.588,0.92,0.362,0.38,0.724,0.7600000000000001,0.1149999999999999,0.1725,0.2299999999999999,0.345,0.118,0.177,0.236,0.354,0.305,0.305,0.61,0.61,0.371,0.4379999999999999,0.742,0.8759999999999999,SCLC,Cas12a,Guide3
Rbl2_3,1567.3818403165087,869.6951730697707,598.8023952095808,7561.558377906103,61287.0,386864523.25646126,223.67518248175185,2138.6569573285124,1.0,1.0130527075513034,1.0016701491103126,1.0008435685448351,1.1413646419883103,1.009690573238324,1.171977486120053,1.0394132789029678,Inert,Real,1.0491144064761193,0.9768023150764716,0.693,1.0124811696598297,1.0121932581857591,1.0569958101748942,0.9707849632906984,1.0144990541518668,0.9897294500947288,0.62,1.0024864244452698,1.002328851135829,1.0164800135931045,0.98818804983032,1.1270934325583974,0.9238615814014348,0.722,1.0342478316603576,1.0329068387625329,1.1637303789387925,0.8965612655585197,1.258918105940365,0.8098126752450964,0.538,1.01287599339422,1.0228322691777998,1.331422038382587,0.7638060103160585,1.0299588059984086,0.9861571456424254,0.301,1.0,1.004269525675992,1.0394190871369295,0.9825364213672022,1.031085048113096,0.9731423082127084,0.562,1.002204452380099,1.00224841435435,1.0355203571695726,0.9693551830108992,0.307,0.4599999999999999,0.6140000000000001,0.92,0.38,0.38,0.76,0.7600000000000001,0.278,0.278,0.556,0.556,0.4619999999999999,0.4619999999999999,0.924,0.924,0.301,0.305,0.602,0.61,0.4379999999999999,0.4379999999999999,0.8759999999999999,0.8759999999999999,SCLC,Cas12a,Guide3
Nf1_1,789.6558246463287,663.3459208702625,549.4505494505495,2137.468566638726,6112.0,5092390.961047703,1.0,1.0,1.0,0.9818258685905252,0.985702951966538,0.9838648853875448,0.9644569296481694,1.0,0.982426060865838,1.0,Inert,Real,1.0312871724865902,0.9410318994657528,0.245,0.981529784984138,0.9832137339615388,1.0577978689053922,0.9323639776577912,1.0047923102830123,0.9727847707477272,0.116,0.9865658773483024,0.9874510579002752,1.0089784848447438,0.9708410572001516,1.05144178122162,0.9448948348325884,0.524,1.0018374763492304,1.0001005338753786,1.0594001199493994,0.9354925188230718,1.0484934941498736,0.9476287577399908,0.517,1.002024058001989,0.9996192391538444,1.0574259852144887,0.9352276875234652,1.0,0.8936080505088259,0.039,1.0,0.978622966004126,1.033049502092654,0.8725376593279258,1.0091372067290272,0.9661302644148724,0.149,0.9844280466765718,0.9859518314088987,1.0137144666556432,0.9636113340417682,0.245,0.4499999999999999,0.49,0.8999999999999999,0.116,0.21,0.232,0.42,0.476,0.498,0.952,0.996,0.483,0.5,0.966,1.0,0.039,0.1169999999999999,0.078,0.2339999999999999,0.149,0.2745000000000001,0.298,0.5490000000000002,OncNeg,KT,Guide1
Nf1_2,806.2944341025473,676.5004655076781,549.4505494505495,2195.832056389824,5847.0,4972278.856970473,1.0,1.0,1.0,1.0086345828393422,1.005250028496179,1.0045956177835005,0.9417086858471724,1.0,0.9398306900985856,1.0,Inert,Real,1.0482747448566336,0.9568378009995456,0.55,1.00477804613122,1.004875194960635,1.0580060313192603,0.9468111589386506,1.0171817978118431,0.9901916950407582,0.705,1.0045655269081646,1.0041463636939785,1.0189325322265963,0.9862749704197216,1.0384859981303416,0.959954767981123,0.498,0.9999467750030634,0.9996402248658756,1.0472539478681318,0.9538488883127738,1.0408540384303302,0.9610521275832432,0.489,0.999177481790334,0.9996951565263004,1.04787601088969,0.9541371238942664,1.0557522123893803,0.9624308406210956,0.264,1.0,1.0024843058439945,1.0700617899142917,0.9409559512652296,1.0227828479083798,0.9819139500937364,0.634,1.004175073590626,1.0033345882098403,1.0255739672143798,0.97630556150274,0.4499999999999999,0.4499999999999999,0.8999999999999999,0.8999999999999999,0.295,0.295,0.5900000000000001,0.5900000000000001,0.498,0.498,0.996,0.996,0.489,0.5,0.978,1.0,0.264,0.396,0.528,0.792,0.366,0.3659999999999999,0.732,0.7319999999999999,OncNeg,KT,Guide1
Nf1_3,811.8676328367644,679.0557165736024,549.4505494505495,2197.802197802198,6705.0,5775511.753092699,1.0,1.0,1.0,1.0095395485701328,1.009047019537283,1.0115394968289546,1.0938343845046583,1.0,1.0777432490355765,1.0,Inert,Real,1.073570375225299,0.9568324581737144,0.617,1.0092454898135834,1.0119110710778263,1.0845100913143673,0.9428712892113752,1.02032974954708,0.9950111340890836,0.86,1.0086823409143744,1.0084025784057464,1.0227624634462211,0.9929426638658714,1.0335859499192903,0.9687184042005474,0.509,1.000389765943115,1.0002592412587457,1.0425149969982497,0.9623645068174504,1.0628051110946046,0.943791191633066,0.5,0.9999236321445572,1.000685604319855,1.0737645744489337,0.9331989884599552,1.0820565162976998,1.0,0.446,1.0,1.0188927281518798,1.0906720741599072,0.9958448753462604,1.0297588527424957,0.9888499498012736,0.817,1.0113007221090338,1.0107135803812608,1.0326612001562214,0.9846042560369872,0.383,0.4499999999999999,0.766,0.8999999999999999,0.14,0.21,0.28,0.42,0.491,0.498,0.982,0.996,0.5,0.5,1.0,1.0,0.446,0.446,0.892,0.892,0.183,0.2745000000000001,0.3660000000000001,0.5490000000000002,OncNeg,KT,Guide1
Rbl2_1,655.4311544351073,550.016405634135,437.06293706293707,1843.4111759799837,254.0,183027.08029701264,1.0,1.0,1.0000000000000002,1.2068179919432596,1.043953319657935,1.0671814319358923,1.1157858798342224,1.0,1.040983606557377,1.0,Inert,Real,1.438237096331669,0.8633768139945462,0.812,1.1654414087102083,1.1488980366589416,1.511866176613466,0.7657584482691793,1.1001126453362151,0.940747682870784,0.788,1.0431340394220812,1.0342127105592755,1.1086180339712577,0.9127901914027612,1.2231860784161734,0.7983970881574415,0.511,1.0027838861461615,1.0078268259323058,1.3448714362718337,0.7257365482589703,1.3064147935087258,0.7335969473988777,0.511,1.0034024025877133,1.008290798472849,1.3706897730872896,0.6818881703197918,1.0613422985229783,0.8999999999999999,0.735,1.0000000000000002,0.9930311641883884,1.0714285714285714,0.8595594862550698,1.1593012260251478,0.9216619866962892,0.799,1.0625463982679866,1.0519212517607666,1.174606784847385,0.869127308084934,0.1879999999999999,0.281,0.3759999999999999,0.562,0.2119999999999999,0.3179999999999999,0.4239999999999999,0.6359999999999999,0.489,0.489,0.978,0.978,0.489,0.489,0.978,0.978,0.265,0.265,0.53,0.53,0.2009999999999999,0.331,0.4019999999999999,0.662,SCLC,TKO,Guide3
Rbl2_2,592.1966027257586,516.5807909209466,437.06293706293707,1395.2332071598123,204.0,128184.27662944372,1.0,1.0,1.0000000000000002,0.9134112667305658,0.9804911744981132,0.9642221218933784,0.7814483280168005,1.0,0.8360655737704918,1.0,Inert,Real,1.4702552516509972,0.623784227162976,0.224,0.8936191337535305,0.9282427915963476,1.609353781071223,0.5704538089800322,1.0799609448988643,0.922039539604788,0.335,0.980139717724856,0.9897684306280844,1.116605149677817,0.9080179445469788,1.189757268791004,0.8108761936730572,0.489,0.9973751734223292,0.9970800772049156,1.2537658045186066,0.7501963226479167,1.308751226645631,0.7019644375432732,0.477,0.9872257536774388,0.9970114960587122,1.3874827588372365,0.6497640354678601,1.0909090909090908,0.8888888888888888,0.758,1.0000000000000002,0.9980321468345256,1.105264832523706,0.8571428571428572,1.153298811776727,0.8659553611234757,0.331,0.9667423784101372,0.987329638985012,1.2403571122401402,0.8514899480769607,0.224,0.281,0.448,0.562,0.335,0.335,0.67,0.67,0.489,0.489,0.978,0.978,0.477,0.489,0.954,0.978,0.242,0.265,0.484,0.53,0.331,0.331,0.662,0.662,SCLC,TKO,Guide3
Rbl2_3,594.8831828377988,513.9803885069261,437.06293706293707,1343.8473967805382,274.0,180891.34020806692,1.0,1.0,1.0000000000000002,0.8797707413261748,0.9755555058439516,0.9685964461707292,1.1027657921489773,1.0,1.1229508196721312,1.0,Inert,Real,1.383847333168552,0.6159756651937247,0.281,0.8750707024931577,0.9228591717447104,1.4643244328448075,0.5519815442803913,1.030801540621336,0.9259766325844332,0.211,0.9738293291891096,0.97601885881264,1.0482513023945603,0.9149535126874504,1.1494893757787372,0.8527335346701251,0.459,0.9920041032637404,0.9950930968627786,1.1818298159402851,0.8135376032142326,1.2288355732744458,0.7807607624715406,0.459,0.99067695330514,0.9946977054684388,1.2881849403482466,0.7387221150663027,1.1053301430535052,0.9545454545454544,0.793,1.0000000000000002,1.0089366889770863,1.1456643356643357,0.9360086609948648,1.051065467914238,0.874325613965079,0.23,0.9622964361792024,0.9607491092542214,1.0703785248234874,0.8453357921498593,0.281,0.281,0.562,0.562,0.211,0.3179999999999999,0.422,0.6359999999999999,0.459,0.489,0.918,0.978,0.459,0.489,0.918,0.978,0.2069999999999999,0.265,0.4139999999999999,0.53,0.23,0.331,0.46,0.662,SCLC,TKO,Guide3
Rasa1_1,807.0255449057138,673.4684262347582,549.4505494505495,2263.2020117351217,6287.0,5382042.043387909,1.0,1.0,1.0,1.035562510001956,1.0009623176122364,1.0057720580909169,1.0193144603601534,1.0,1.0105550792970426,1.0,Inert,Real,1.086131081175403,0.9901784479181076,0.892,1.036833175718368,1.0370819180400623,1.0978402920834016,0.9767231717567948,1.0115437765993749,0.9902684981182368,0.546,1.000599007001288,1.000789899708325,1.0134364633588635,0.9879016038057864,1.0301939388026815,0.970185065985934,0.465,0.9985838190710168,0.9993938512520456,1.0350919614708989,0.965915135837624,1.047935237837201,0.947408705365754,0.49,0.9991694546298516,0.998828431447425,1.05963456549369,0.9367005405693396,1.027603513174404,0.933900995814692,0.067,1.0,0.9889431757332516,1.033049502092654,0.9106326423829764,1.0215992994325898,0.9900047992401044,0.722,1.0048910303049683,1.005453567811104,1.024351471217292,0.9878994886769096,0.1079999999999999,0.1619999999999999,0.2159999999999999,0.3239999999999999,0.4539999999999999,0.4539999999999999,0.908,0.908,0.465,0.498,0.93,0.996,0.49,0.4949999999999999,0.98,0.99,0.067,0.201,0.134,0.402,0.278,0.278,0.556,0.556,OncNeg,KT,Guide2
Rasa1_2,791.3980513548244,667.2292220919761,549.4505494505495,2137.468566638726,5720.0,4782242.625358437,1.0,1.0,1.0,0.9780312594462915,0.9916891163818078,0.9862959752696264,0.9057173878764556,1.0,0.91941705957994,1.0,Inert,Real,1.0,0.9061478040641188,0.031,0.9609121624090164,0.9577060203037128,1.005162751490179,0.8962523816307443,1.0073599720003452,0.9739057524789296,0.201,0.9914444777353362,0.9909620510615276,1.0092607705543089,0.971559826608978,1.0281965684536218,0.9724256383041066,0.502,1.0001889568874214,0.9999928797190408,1.0323183493732044,0.9668634267052392,1.0557466454217803,0.950538672605936,0.512,1.0008351606100625,1.00065103661521,1.0645955538319838,0.9440643142825116,1.0558033114473306,0.9624308406210956,0.197,1.0,1.0021896603351583,1.0683582089552237,0.933900995814692,1.0078850935206864,0.9601647621955536,0.168,0.98588967761626,0.985113997978317,1.0112858890834209,0.9557709050407786,0.031,0.093,0.062,0.186,0.201,0.3029999999999999,0.402,0.6059999999999999,0.498,0.498,0.996,0.996,0.488,0.4949999999999999,0.976,0.99,0.197,0.295,0.394,0.59,0.168,0.278,0.336,0.556,OncNeg,KT,Guide2
Rasa1_3,808.7586427376824,677.7652280020036,549.4505494505495,2155.7719054242,6657.0,5675896.902364528,1.0,1.0,1.0,0.9864062305517524,1.0073485660059556,1.0079319666394568,1.074968151763391,1.0,1.0700278611230176,1.0,Inert,Real,1.056687062937059,0.962264150943396,0.498,1.0,1.0052120616562248,1.0714737492866653,0.9564954608524724,1.023890884916657,0.9933719857864244,0.798,1.0080740761633904,1.0082480492301475,1.0263895844317472,0.9911258477844088,1.0275238928912582,0.9733236805428608,0.511,1.0005188461271497,1.000613269028914,1.0308485860677337,0.9692644894774216,1.0478341744667017,0.9538708768063991,0.495,0.999603520276545,1.0005205319373651,1.0588598541660148,0.946714971606973,1.056774193548387,0.9716129032258064,0.295,1.0,1.0088671639315896,1.0683582089552237,0.9599614367489038,1.0335719065895748,0.9875855837450188,0.726,1.0082625479111371,1.009432434210579,1.0376001159002368,0.983723971016758,0.498,0.498,0.996,0.996,0.2019999999999999,0.3029999999999999,0.4039999999999999,0.6059999999999999,0.489,0.498,0.978,0.996,0.495,0.4949999999999999,0.99,0.99,0.295,0.295,0.59,0.59,0.274,0.278,0.548,0.556,OncNeg,KT,Guide2
Rb1_1,558.0681161707638,500.3399600159606,437.06293706293707,1315.7687927400525,255.0,148629.23614755773,1.0,1.0,1.0000000000000002,0.8471376344249943,0.9484164387303242,0.905423760944938,0.9060866990549808,1.0,1.0450819672131149,1.0,Inert,Real,1.3047313105249476,0.6153127597017425,0.119,0.8203320613973857,0.8570245956922266,1.5148514851485135,0.5796704376314998,1.012012711147107,0.9042108816449672,0.073,0.9475197793840288,0.9520587612662298,1.0302963156154248,0.8929427127184311,1.232082526952298,0.7859903132320571,0.486,0.9951781223347193,1.0005229467587846,1.281364229008235,0.7280158612143389,1.405202012117493,0.6338118202438113,0.483,0.9928521696222056,1.0036326877374635,1.508850618984966,0.5324454813332088,1.0499999999999998,0.9437910383144528,0.753,1.0000000000000002,0.995694002302159,1.0499999999999998,0.9230769230769232,1.0290142341202233,0.8405961387569966,0.083,0.9090993800394234,0.9197781818370022,1.104008969239768,0.8285051177522857,0.119,0.237,0.238,0.4740000000000001,0.073,0.2189999999999999,0.146,0.4379999999999999,0.486,0.496,0.972,0.992,0.483,0.484,0.966,0.968,0.247,0.247,0.494,0.494,0.083,0.1995,0.166,0.399,SCLC,TKO,Guide2
Rb1_2,621.3771001740473,529.3088398725217,437.06293706293707,1486.013986013986,224.0,154436.13588955786,1.0,1.0,1.0000000000000002,0.9567474010481788,1.003328226840732,1.0081378503847227,0.9414872350151364,1.0,0.918032786885246,1.0,Inert,Real,1.2626674351091332,0.7078721949942552,0.345,0.9452251303869528,0.960640462436684,1.347593590669922,0.6709429824561405,1.0934375416981983,0.9391013372931292,0.56,1.0060121507774502,1.0124954414096463,1.1952226693463293,0.9266761824111334,1.2104347007780705,0.7707279323193413,0.504,1.0009208365118345,0.99850838374354,1.2533238223130094,0.7267214134474012,1.3393088900815069,0.6498213703609619,0.484,0.9926942498999138,0.9932557575856034,1.4134966912363016,0.5935029601364041,1.1212735536174905,0.9372580655058992,0.784,1.0000000000000002,1.0074101389429089,1.2247599039615846,0.8999999999999999,1.136719700139924,0.9098554291865,0.541,1.0077819889282398,1.0138443295665305,1.1955010414784613,0.8922506347902238,0.345,0.345,0.69,0.69,0.4399999999999999,0.4399999999999999,0.8799999999999999,0.8799999999999999,0.496,0.496,0.992,0.992,0.484,0.484,0.968,0.968,0.2159999999999999,0.247,0.4319999999999999,0.494,0.4589999999999999,0.4589999999999999,0.918,0.9179999999999998,SCLC,TKO,Guide2
Rb1_3,669.6385174032647,553.0102713285306,437.06293706293707,1857.798165137615,253.0,189037.3250974077,1.0,1.0,1.0000000000000002,1.1961149645268272,1.048255334428944,1.0864383886703393,1.1524260659298824,1.0,1.036885245901639,1.0,Inert,Real,1.5211195428281383,0.7764469687379755,0.842,1.1950680928951662,1.1823349418710896,1.583391909395337,0.3818349753694583,1.1202931315586857,0.9506200317827757,0.851,1.0456112471767096,1.0354457973241238,1.136486200781015,0.7445524181851951,1.165110070406369,0.846910517309097,0.475,0.9959470459448015,1.0009686694976754,1.2161983278507642,0.8082995081582254,1.299388173234443,0.7226458707029149,0.467,0.9876136713558362,1.003111554676933,1.6453407029291565,0.4722220941736137,1.0909090909090908,0.8571428571428572,0.802,1.0000000000000002,0.9968958587549324,1.116375532404167,0.8076923076923077,1.1849556544972684,0.9378836128033228,0.867,1.0812385409581595,1.0663774885964672,1.2055750492056296,0.6523075067693539,0.158,0.237,0.316,0.4740000000000001,0.149,0.2235,0.298,0.447,0.475,0.496,0.95,0.992,0.467,0.484,0.934,0.968,0.1979999999999999,0.247,0.3959999999999999,0.494,0.133,0.1995,0.266,0.399,SCLC,TKO,Guide2
Pten_1,798.803170845927,671.1798876362932,549.4505494505495,2191.235059760956,6303.0,5282693.519126302,1.0,1.0,1.0,1.0072319486647758,0.9978392853201676,0.9959500196819194,1.000498667659368,1.0,1.0131268752678957,1.0,Inert,Real,1.0576791085026145,0.9545454545454544,0.596,1.00972602739726,1.007676537159555,1.0645400604743742,0.943258686810434,1.011128577452748,0.9819907223657858,0.385,0.9971553570673236,0.9970452307551712,1.0125036210073484,0.9778987853287778,1.0322090931363714,0.9697638369688448,0.514,1.0008938589848864,1.0006037751935932,1.0382515109674664,0.9642194414018844,1.055244702412057,0.9495577673402644,0.528,1.0015088836471946,1.001333835244278,1.064914934615338,0.9370203452640508,1.0683582089552237,0.999792243767313,0.34,1.0,1.013522244271676,1.0751383187578083,0.9716129032258064,1.015402100173144,0.9722736001237138,0.37,0.9952582439588517,0.9945612354585024,1.017990583630044,0.9668320615365276,0.404,0.4040000000000001,0.808,0.8080000000000002,0.385,0.385,0.77,0.77,0.486,0.489,0.972,0.978,0.472,0.494,0.944,0.988,0.34,0.34,0.68,0.68,0.37,0.3699999999999999,0.74,0.7399999999999999,OncNeg,KT,Guide3
Pten_2,812.0352462529381,678.0691032997082,549.4505494505495,2197.802197802198,7099.0,6128047.161618692,1.0,1.0,1.0,1.0102506258336017,1.0080814426920284,1.0124478081772874,1.1606016889594777,1.0,1.141073724817831,1.0,Inert,Real,1.0740091757259036,0.97879311989145,0.702,1.0170654091922362,1.0187742582589878,1.0810595486352494,0.969416436683602,1.0192721212425926,0.9984496656636545,0.911,1.008054032273551,1.0083272223801096,1.0215384133387,0.996399549867919,1.026208162094449,0.9709328307547584,0.489,0.999620811338006,0.9996101575388676,1.0329005419729298,0.9641653386552754,1.0423495176790951,0.9563877645853104,0.506,1.0004838656058124,1.0005014482845702,1.0517380680402568,0.9450075567844136,1.0438439969411166,0.965820895522388,0.223,1.0,1.003285070788743,1.0567741935483872,0.9624308406210956,1.0298437569535894,0.998140444203264,0.919,1.0128545481558882,1.013211620436248,1.032801610377352,0.9957570114874976,0.298,0.4040000000000001,0.5960000000000001,0.8080000000000002,0.0889999999999999,0.2669999999999999,0.1779999999999999,0.5339999999999998,0.489,0.489,0.978,0.978,0.494,0.494,0.988,0.988,0.223,0.3345,0.446,0.669,0.0809999999999999,0.2429999999999998,0.1619999999999999,0.4859999999999997,OncNeg,KT,Guide3
Pten_3,795.3159733625474,668.6507776252382,549.4505494505495,2137.468566638726,5262.0,4429440.890365882,1.0,1.0,1.0,0.9825174255016228,0.9940792719878035,0.9916021721407928,0.8388996433811542,1.0,0.8457993999142736,1.0,Inert,Real,1.017878290977818,0.9272493491427042,0.137,0.9733307426527136,0.9735492045814572,1.0332761578044596,0.917641060805298,1.0104906496120178,0.9814852061285906,0.262,0.99381263839803,0.9946275468647192,1.0134184791085854,0.9801356223062416,1.027655448391969,0.9754499302477418,0.481,0.9991553553155754,0.999786067267539,1.0319663561451045,0.9670533279362876,1.0391989287787993,0.9575157475613848,0.482,0.9985074402184564,0.998164716471152,1.0466920330009508,0.9497170962928748,1.0,0.9275823514234112,0.024,1.0,0.983192684939581,1.0,0.9102508589775926,1.0156461286750929,0.973592531956369,0.25,0.990702434465442,0.9922271441052496,1.0188425541624426,0.971094448516487,0.137,0.4040000000000001,0.274,0.8080000000000002,0.262,0.385,0.524,0.77,0.481,0.489,0.962,0.978,0.482,0.494,0.964,0.988,0.024,0.072,0.048,0.144,0.25,0.3699999999999999,0.5,0.7399999999999999,OncNeg,KT,Guide3
Smad4_1,1878.6198813062067,795.4569915747363,526.7778753292362,15316.066725197528,993.0,36090328.82526796,3.0,263.91297550276124,1.0434782608695652,1.374535981316674,1.0381257388331566,1.078455368327707,1.2233062452495314,1.1309370836447137,0.9831683168316832,0.9364397195204704,Inert,Real,2.1639355439451875,0.16360013714671,0.73,1.3938721963991858,1.319941513886942,2.4807768663883616,0.0887676982437395,1.1027899736009366,0.6314108738124687,0.65,1.0279074884897876,0.9717164857166866,1.1934501683648155,0.5846838801739068,1.2050676279713144,0.6705673585177749,0.259,0.9405751597701676,0.9436141194355842,1.253811473639657,0.5845820107760815,2.140979038211789,0.3105791348414616,0.552,1.0633184582481146,1.1387028358366065,2.281354428141605,0.2259911735679049,1.0434782608695652,0.5667178961748633,0.509,1.021276595744681,0.9456316103455864,1.0909090909090908,0.5149424868527309,1.5706213787084873,0.2903628088562474,0.633,1.0490553443944362,0.9995384129150052,1.9106013165215376,0.1870387568375963,0.27,0.294,0.54,0.588,0.35,0.418,0.7,0.836,0.259,0.259,0.518,0.518,0.4479999999999999,0.4479999999999999,0.8959999999999999,0.8959999999999999,0.491,0.4909999999999999,0.982,0.982,0.367,0.492,0.734,0.984,PDAC,Cas12a,Guide3
Smad4_2,1613.9622689397474,760.6939062803577,526.7778753292362,12350.45405502604,1298.0,19165353.02437778,3.933333333333333,140.9733417750436,1.0434782608695652,1.1083879294089962,0.992757536670644,0.9265239288355688,0.6496226776054944,0.6041081523748316,1.2851485148514852,1.227776521149061,Inert,Real,1.5501399040561403,0.0572733433095556,0.262,0.712934167523892,0.7275359667598716,1.6728708770473333,0.029808421214136,1.242460926291822,0.7115459226031404,0.418,0.992021482107878,0.9906678209361148,1.337213333382828,0.5881399397041995,1.7730496686584607,1.0908296972221554,0.985,1.243140936071983,1.3049101234201872,1.896799744457508,1.0369364745197658,1.4367984073046198,0.095479814939736,0.197,0.5876918674961815,0.6556981381809605,1.6371525631503745,0.0525959211736209,1.208526158989369,0.6292587060155385,0.642,1.0434782608695652,0.9978681867090268,1.328920721076076,0.5638061474844744,1.252717525877295,0.1526015033134452,0.222,0.907753011605337,0.8399772556736991,1.5419864457038912,0.0758612771030541,0.262,0.294,0.524,0.588,0.418,0.418,0.836,0.836,0.015,0.0225,0.03,0.045,0.197,0.4479999999999999,0.394,0.8959999999999999,0.358,0.4909999999999999,0.716,0.982,0.222,0.492,0.444,0.984,PDAC,Cas12a,Guide3
Smad4_3,1733.280513554213,742.5792900761547,460.9306409130817,5761.633011413528,739.0,33251171.52108862,2.677536231884058,295.18704485540667,0.9130434782608696,0.5170760892743304,0.9691167244961992,0.9950207028367244,1.127071077144974,1.2649547639804548,0.7316831683168317,0.8357837593304681,Inert,Real,2.697315690584525,0.3113323815285984,0.294,0.6504945232450718,0.9525225193531862,2.8013079335872537,0.240609974729782,1.439562259142481,0.8981293051285469,0.351,0.9772434388413284,1.0376156933471987,1.5249871713253953,0.832744816054131,0.9136152546884048,0.4314795304660495,0.009,0.7963224239435704,0.7514757571442289,0.935293290881114,0.3381706707948567,2.0242840585105744,0.2885867819946439,0.659,1.2232774534861006,1.205599025982433,2.2185104838944327,0.1929721096826733,1.5751459990445529,0.9130434782608696,0.314,0.9545454545454546,1.0565002029453867,1.69943231940107,0.9130434782608696,2.364187972419047,0.6398996985150296,0.508,1.0043647230446973,1.1604843314112954,2.5898911696571743,0.4728940985428949,0.294,0.294,0.588,0.588,0.351,0.418,0.702,0.836,0.009,0.0225,0.018,0.045,0.3409999999999999,0.4479999999999999,0.6819999999999999,0.8959999999999999,0.314,0.4909999999999999,0.628,0.982,0.492,0.492,0.984,0.984,PDAC,Cas12a,Guide3
Cdkn2a_1,398.75427104108303,390.6751514242858,358.8516746411483,538.2775119617224,296.0,118485.47056617922,1.0,1.0,1.0,0.8181818181818182,0.9799626583160648,0.9748123215900985,0.922435668894124,1.0,0.9477054429028816,1.0,Inert,Real,1.0,0.7147911763694089,0.0312815338042381,0.8181818181818182,0.8452335996834855,1.0187599279667376,0.6964094150312362,1.0011411133468382,0.8949323825658495,0.0554994954591321,0.976954314384528,0.9667435020245724,1.020638183151776,0.8761085049292954,1.33704680885215,0.6600258128352103,0.5075681130171544,1.0011047060477634,1.0065888344071792,1.5047677387616427,0.5265291432588081,1.338019895822888,0.6348689488382527,0.5075681130171544,1.002995386009483,1.00505664988989,1.5234650992504863,0.5028205589570259,1.1615246589899482,0.82115182845849,0.119071644803229,1.0,0.9920262802936022,1.1999999999999995,0.7894736842105263,0.9974749898653994,0.8695654190337196,0.0403632694248234,0.9700573973161368,0.9561230507539552,1.006618488638613,0.8519593256209754,0.0312815338042381,0.0938446014127144,0.0625630676084762,0.1876892028254288,0.0554994954591321,0.1664984863773965,0.1109989909182643,0.3329969727547931,0.4924318869828455,0.4939879759519037,0.9848637739656912,0.9879759519038076,0.4924318869828455,0.4949899799599198,0.9848637739656912,0.9899799599198396,0.119071644803229,0.1786074672048435,0.2381432896064581,0.3572149344096871,0.0403632694248234,0.1210898082744702,0.0807265388496468,0.2421796165489405,PDAC,KT,Guide2
Cdkn2a_2,412.83568417132176,401.6349699205845,358.8516746411483,717.7033492822966,328.0,136093.2198856463,1.0,1.0,1.0,1.0909090909090908,1.0074540737007875,1.009236366726766,1.0595159028131915,1.0,1.0501600853788688,1.0,Inert,Real,1.121495327102805,0.8681127837111179,0.495,1.0,1.003543403485326,1.192206447654386,0.8484146468506071,1.0927198027764071,0.9708926057690348,0.785,1.0092821217517267,1.0170399800319898,1.1151245329495405,0.9572037810712164,1.4295757997786966,0.559499096434312,0.468,0.990459689472933,0.9866462239668536,1.5640620897614044,0.4988815045416256,1.4265855964682672,0.5608839097819172,0.469,0.991747253645282,0.9839865497616072,1.5297943151189044,0.4895673054735934,1.263157894736842,0.8823529411764707,0.21,1.0,1.018720920914368,1.3333333333333333,0.8340305628039205,1.0943661709130676,0.9611142836011384,0.772,1.0110667472155517,1.017211456769464,1.1219437257987774,0.9452835339558602,0.495,0.4949999999999999,0.99,0.99,0.2149999999999999,0.2149999999999999,0.4299999999999999,0.4299999999999999,0.468,0.4939879759519037,0.936,0.9879759519038076,0.469,0.4949899799599198,0.938,0.9899799599198396,0.21,0.21,0.42,0.42,0.2279999999999999,0.2279999999999999,0.4559999999999999,0.4559999999999999,PDAC,KT,Guide2
Cdkn2a_3,415.58248262868057,403.67979146142665,358.8516746411483,717.7033492822966,313.0,130766.7853195982,1.0,1.0,1.0,1.0909090909090908,1.0125832679831477,1.0159513116831351,1.0180484282926845,1.0,1.00213447171825,1.0,Inert,Real,1.3714285714285712,0.9566419060244512,0.9028056112224448,1.0928768091276138,1.1501303599482362,1.4077796581704496,0.9,1.089600283823846,0.9595850774097872,0.8056112224448898,1.012126229072958,1.015949107677013,1.1195604512909376,0.9381703965654647,1.4440779444156893,0.5903935421457536,0.4939879759519038,0.998348066742694,1.006837916969571,1.612576623814809,0.4436097079583849,1.4850446456834392,0.5566866649009944,0.4949899799599198,0.9984731425836808,1.0110243589153425,1.622102091458824,0.4249913624748069,1.1242309898474656,0.8333333333333334,0.1062124248496994,1.0,0.9891593540227176,1.142692961493909,0.804878048780488,1.124748461487318,0.9669063568189094,0.8336673346693386,1.0170362217581754,1.0263232464262186,1.16375078708353,0.9489874510013352,0.0971943887775551,0.1457915831663327,0.1943887775551103,0.2915831663326654,0.1943887775551102,0.2149999999999999,0.3887775551102204,0.4299999999999999,0.4939879759519038,0.4939879759519037,0.9879759519038076,0.9879759519038076,0.4949899799599198,0.4949899799599198,0.9899799599198396,0.9899799599198396,0.1062124248496994,0.1786074672048435,0.2124248496993988,0.3572149344096871,0.1663326653306613,0.2279999999999999,0.3326653306613227,0.4559999999999999,PDAC,KT,Guide2
Smad4_1,411.41109978800125,400.9379652503132,358.8516746411483,717.7033492822966,331.0,136750.86932165775,1.0,1.0,1.0,1.0393627716340572,1.0057935111052627,1.0056672574627432,1.0646358495417334,1.0,1.0597652081109925,1.0,Inert,Real,1.2,0.7251819888995535,0.5567839195979899,1.03125,1.010373336161655,1.237731477291241,0.6710477806712117,1.0553587305704673,0.8946858025602458,0.614070351758794,1.0044797225621969,0.9963521948515592,1.1291395963848556,0.876354408155168,1.3140692412535873,0.6302369073171379,0.4804020100502512,0.9963046560497604,0.9869202352685752,1.4796532240566724,0.545829148479923,1.3468280888827344,0.6318448808147914,0.4924623115577889,0.9983658394798136,0.992420926829016,1.4395821101103403,0.5124044503867535,1.119424911366619,0.8823529411764707,0.0884422110552763,1.0,0.9965435234846272,1.2279296406356706,0.8333333333333334,1.0674772852307577,0.8718787253840475,0.5879396984924623,1.0039069516971997,0.9926241138309544,1.1451632727545278,0.8464226295964346,0.4432160804020101,0.474,0.8864321608040202,0.948,0.385929648241206,0.385929648241206,0.771859296482412,0.771859296482412,0.4804020100502512,0.497467071935157,0.9608040201005024,0.994934143870314,0.4924623115577889,0.4924623115577889,0.984924623115578,0.9849246231155778,0.0884422110552763,0.1326633165829145,0.1768844221105527,0.2653266331658291,0.4120603015075377,0.4120603015075377,0.8241206030150754,0.8241206030150754,PDAC,KT,Guide3
Smad4_2,409.993504862951,399.6472829864506,358.8516746411483,636.1607142857151,330.0,135950.19301564578,1.0,1.0,1.0,0.9212744567318856,1.0025557038672248,1.0022020403084102,1.0584024069063236,1.0,1.056563500533618,1.0,Inert,Real,1.253607647849951,0.8181818181818182,0.2988855116514691,0.935820895522388,0.9690051200847136,1.3409903882796297,0.8181818181818182,1.211713649546565,0.987134041019805,0.6727456940222898,1.005273212378596,1.0369927855555277,1.246823575215788,0.981702755562776,1.5379863925347674,0.5297229016335137,0.497467071935157,0.9993968831784256,1.0236510848777445,1.761729955139951,0.4444444444444444,1.4739704617545488,0.5864420641510514,0.4913880445795339,0.9970355070492344,1.017763752037893,1.787013162051237,0.4580648175962731,1.3286040709261269,1.0,0.2492401215805471,1.0,1.0504524374928337,1.35,0.9230769230769228,1.2263839511667405,0.982336013640996,0.6312056737588653,1.0053820478193094,1.038701110957089,1.2632174035241936,0.975154340187291,0.2988855116514691,0.474,0.5977710233029382,0.948,0.3272543059777102,0.385929648241206,0.6545086119554204,0.771859296482412,0.497467071935157,0.497467071935157,0.994934143870314,0.994934143870314,0.4913880445795339,0.4924623115577889,0.982776089159068,0.9849246231155778,0.2492401215805471,0.2492401215805471,0.4984802431610942,0.4984802431610942,0.3687943262411347,0.4120603015075377,0.7375886524822695,0.8241206030150754,PDAC,KT,Guide3
Smad4_3,405.87339431455376,395.3002714751021,358.8516746411483,717.7033492822966,276.0,112644.41343412022,1.0,1.0,1.0,1.0393627716340572,0.991650785027512,0.9921307022288468,0.8769617435519426,1.0,0.8836712913553896,1.0,Inert,Real,1.263157894736842,0.816245028362783,0.526,1.0148679101796971,1.020270476995541,1.3098222167448157,0.7805383457161897,1.0092577109970626,0.8543828544312676,0.161,0.9872825104265438,0.9671176867793928,1.0121293276201413,0.8218471808056024,1.419684485622485,0.5604266330291923,0.453,0.9889268128594269,0.989670745133434,1.6198448008576791,0.4285124884682406,1.3966126278453286,0.5721978478590483,0.448,0.9886113342759614,0.9900083545437288,1.5554379348591234,0.4489835160933733,1.0,0.7894736842105263,0.01,1.0,0.9536426383273694,1.0,0.7502822447243424,1.016176457938464,0.8498596843430364,0.209,0.9871136495154442,0.9691410102235536,1.03131292616601,0.8075116576232282,0.474,0.474,0.948,0.948,0.161,0.385929648241206,0.322,0.771859296482412,0.453,0.497467071935157,0.906,0.994934143870314,0.448,0.4924623115577889,0.896,0.9849246231155778,0.01,0.03,0.02,0.06,0.209,0.4120603015075377,0.418,0.8241206030150754,PDAC,KT,Guide3
Trp53_1,1960.5803854833216,778.4993410034517,460.9306409130817,13123.353819139578,1080.0,37372510.33233644,3.2432432432432434,275.5993098930434,0.9130434782608696,0.9537406284894006,1.0147168381984262,1.1307090254423784,1.2667666596096845,1.2115810951213692,1.0693069306930694,1.004180598630596,Inert,Real,2.8796587598610546,0.5288653202438246,0.611,1.110841613152141,1.4324119357501088,2.8983975896727108,0.4533501057679184,1.836693937509772,0.9514405195074136,0.631,1.0213154994390692,1.1567609004396235,1.9483890619745368,0.9372391931440835,1.4655692975926244,0.8994187991216396,0.626,1.0219147600274638,1.0842461322663106,1.7493458225476657,0.8481463573723574,2.8049352534886074,0.5643331201098263,0.686,1.2641795313325068,1.3992620272656229,2.884886361621813,0.4576782577469727,1.6109951586488271,0.8935652640100098,0.238,0.95260663507109,1.0354521545498936,1.7801465689540306,0.708475622476881,2.7665671149649245,0.8978043734695758,0.764,1.1515795234310744,1.4545855892124695,2.868753325975259,0.8589287136679964,0.389,0.456,0.778,0.912,0.369,0.434,0.738,0.868,0.374,0.3739999999999999,0.748,0.7479999999999999,0.3139999999999999,0.422,0.6279999999999999,0.844,0.238,0.492,0.476,0.984,0.236,0.354,0.472,0.708,PDAC,Cas12a,Guide1
Trp53_2,1550.558011923358,759.7767981007872,526.7778753292362,11694.468832308918,1113.0,32670666.555387903,3.637254901960784,254.99855911753383,1.0434782608695652,0.849896315201786,0.990313375617792,0.8942402726943155,1.1073944664557729,1.1210167167323206,1.101980198019802,1.1261754148204404,Inert,Real,1.3108920820465613,0.080039193530444,0.179,0.6894907705713205,0.6649723997210686,1.4646727140802962,0.0619199970703884,1.0482613226443551,0.6729542839301292,0.312,0.98294391714933,0.947022447302216,1.1007180159631689,0.5940263359315728,1.228280894623743,0.7161318102002336,0.728,1.098025590606445,1.0503676041447405,1.2819232927623314,0.5774946110615703,1.8821065439884692,0.0901478020212407,0.422,0.8734563763863958,0.909947696081392,2.0981637854035395,0.0579772951522975,1.2144384458946231,0.719956678700361,0.637,1.0434782608695652,1.0182125933423996,1.3003738674367933,0.6466843924042139,1.0376979933337929,0.1362471154889275,0.09,0.8625158973255405,0.7571729646541275,1.0923425027497102,0.0807710457489384,0.179,0.456,0.358,0.912,0.312,0.434,0.624,0.868,0.272,0.3739999999999999,0.544,0.7479999999999999,0.422,0.422,0.844,0.844,0.363,0.492,0.726,0.984,0.09,0.27,0.18,0.54,PDAC,Cas12a,Guide1
Trp53_3,1690.6783601351588,763.3492356721399,526.7778753292362,16461.80860403836,837.0,18463676.483010016,2.8087248322147653,151.8145035564496,1.0434782608695652,1.1963630563088137,0.9949697861837814,0.975050701863306,0.6258388739345423,0.6674021881463102,0.8287128712871287,0.8696439865489632,Inert,Real,1.843435029913549,0.0289121473528147,0.456,0.9349858666571847,0.9026156645288228,1.9733044569109564,0.0084461520382264,1.0653129406473243,0.4244654107760521,0.434,0.9903945472109854,0.8962166522581602,1.1045954701186202,0.3506702830400857,1.1453827325337145,0.6008858004061113,0.113,0.86893020944657,0.8653862635889492,1.2292251139205217,0.3900291652565462,1.781628996211039,0.0163737826638384,0.31,0.6316731917098578,0.6907902766529851,1.9714354635407745,0.0116949399838141,1.0929470861279291,0.5248990374683239,0.508,1.023696682464455,0.9463352521077066,1.2646097022212983,0.4822223391408919,1.2112375442382437,0.0373929229075311,0.413,0.9512327025377848,0.7882414461334029,1.268877657727997,0.0200087975731831,0.456,0.456,0.912,0.912,0.434,0.434,0.868,0.868,0.113,0.339,0.226,0.678,0.31,0.422,0.62,0.844,0.492,0.492,0.984,0.984,0.413,0.413,0.826,0.826,PDAC,Cas12a,Guide1
Rb1_1,1553.6003838810411,869.5864076139837,622.7758007117438,7390.362750406064,52237.0,327987242.78042734,204.85098039215688,2206.7478194855594,1.026338893766462,0.9914412205373352,1.0010997121785168,0.99140485099266,0.9676592694043656,1.0654931144242543,0.9989163761067308,0.955510304603716,Inert,Real,1.0390605999063394,0.9537571364674334,0.375,0.9911883686211104,0.9934619076787392,1.05010736691741,0.9481524136393648,1.0109873263692246,0.9919281617300828,0.548,1.0009150758357468,1.0009988434024877,1.0131744571877284,0.9892971087415644,1.0435632778250414,0.7599640546349832,0.203,0.9413406382987948,0.9260877345091444,1.0648383072906888,0.7248521307486996,1.2774255872517086,0.7099141821412952,0.552,1.026716030590003,1.0079111794696014,1.3066072124593489,0.5685890596466303,1.0349271572655958,1.0,0.483,1.0,1.008141020931694,1.0401130575385065,0.9933738278110976,1.0177835005787428,0.9678055811546448,0.282,0.991366609171388,0.9917125265671785,1.0219259575728128,0.9630168162428204,0.375,0.375,0.75,0.75,0.4519999999999999,0.4519999999999999,0.904,0.904,0.203,0.3765,0.406,0.753,0.4479999999999999,0.46,0.8959999999999999,0.92,0.483,0.4829999999999999,0.966,0.966,0.282,0.296,0.564,0.592,SCLC,Cas12a,Guide2
Rb1_2,1591.6242154933718,873.5126679614856,598.8023952095808,7701.204733390363,48276.0,305873525.9835055,215.51785714285717,1980.58261573085,0.986830553116769,1.0331416844269143,1.0056197668498024,1.015669141543118,0.902417271398212,0.9562928400679492,0.923171065967198,1.0052650611282894,Inert,Real,1.0666152598680605,1.0000363659730518,0.95,1.0332267843677243,1.032872834833643,1.0708077031840797,0.9929361645304846,1.016621597730087,0.9949846374309388,0.814,1.0059277132457185,1.005864685291862,1.0181685562621738,0.992844661610936,1.2084549848263952,0.9000487824583742,0.55,1.0098126707232309,1.0264076338911716,1.254292291819523,0.8813336454707935,1.2741474903269308,0.7239460282426142,0.428,0.9698781360674738,0.9786862499968236,1.343215064442391,0.6800930046511005,1.0193285859613428,0.9802904564315352,0.267,1.0,1.0003772455697963,1.027741707261211,0.9739906453370408,1.0417802034581003,0.9904670342422696,0.848,1.016148666062685,1.0159309308692943,1.0442947430765577,0.9831837997981202,0.05,0.1500000000000001,0.1,0.3000000000000002,0.186,0.2790000000000001,0.3720000000000001,0.5580000000000002,0.4499999999999999,0.4499999999999999,0.8999999999999999,0.8999999999999999,0.428,0.46,0.856,0.92,0.267,0.4005,0.534,0.801,0.152,0.296,0.304,0.592,SCLC,Cas12a,Guide2
Rb1_3,1555.9841419146992,862.7944144595729,598.8023952095808,7270.916334661355,56368.0,382986544.5956048,222.79841897233203,2025.9837278075024,0.986830553116769,0.9754170950357504,0.993280520971681,0.9929260074642218,1.129923459197423,0.978214045507796,1.077912557926071,1.0392246342679945,Inert,Real,1.0116161525946756,0.9315810197106617,0.146,0.9748097902658024,0.973665257487618,1.0190800171420835,0.9211289856097032,1.0021990653070971,0.9837849278359176,0.107,0.99323571586112,0.9931364713056504,1.004097885114606,0.9822305964217508,1.167442528439391,0.949516408120931,0.749,1.0402947403306686,1.0475046315996843,1.20721226705599,0.9326893550059708,1.279018936496548,0.7992115890524133,0.46,0.9854773605032814,1.0134025705335747,1.696389676279215,0.7717673767610174,1.0,0.9656723267553924,0.041,1.0,0.9914817334985097,1.012998266897747,0.9613102732913992,1.0160328032954258,0.9681331429784966,0.296,0.9930369285989702,0.992356542563527,1.020035265781026,0.9630889794938852,0.146,0.2189999999999999,0.292,0.4379999999999999,0.107,0.2790000000000001,0.214,0.5580000000000002,0.251,0.3765,0.502,0.753,0.46,0.46,0.92,0.92,0.041,0.123,0.082,0.246,0.296,0.296,0.592,0.592,SCLC,Cas12a,Guide2
Rasa1_1,2373.4625562678957,1307.0407732036538,1048.951048951049,9608.25833774484,121272.0,322216365.1081278,19.28932718307619,59.86879376090822,0.949291090001973,1.009777854520392,0.9811309398286548,0.9912191444738354,0.8758447045044107,0.8665534655522222,0.8855008652603448,0.8811528615995102,Inert,Real,1.0266205264078698,0.995196981612419,0.867,1.0102855520227858,1.010473970371777,1.0301204676520028,0.9921848907665748,0.995653676371712,0.970112550061654,0.017,0.9811720928863398,0.9815722860819376,0.9986468261210486,0.96728998046369,0.9027918924161662,0.8568387249724736,0.0,0.8794949626403994,0.8796900746968163,0.907399039639858,0.8511652195596694,0.8979260125542956,0.8323200711014502,0.0,0.866363330993557,0.8657190643175875,0.904982872913976,0.8242387251996798,0.994978212665741,0.9364473461986332,0.012,0.9575048426424684,0.9610041032026624,0.9975239391663536,0.9289347848204296,1.0102392933296735,0.9760224147109234,0.207,0.9910890497947498,0.9918102293530756,1.0128020016775214,0.9722146582964816,0.133,0.133,0.266,0.266,0.017,0.017,0.034,0.034,0.0,0.0,0.0,0.0,0.0,0.0,0.0,0.0,0.012,0.012,0.024,0.024,0.207,0.207,0.414,0.414,OncNeg,Cas12a,Guide2
Rasa1_2,2237.971257979413,1267.7579958913411,1042.223409941208,8916.359810625987,117143.0,295109148.11221665,20.479545454545452,61.709363416101816,0.9432026383290584,0.9370629268299822,0.9516432994935786,0.9346344857361224,0.8021621885597174,0.8931942564067676,0.8553518360313392,0.9355230439225783,Inert,Real,0.9550059271443668,0.922495851424668,0.0,0.9380898865140634,0.9383582574363276,0.9586067390822436,0.92032169926806,0.9611786521330268,0.9425302323524684,0.0,0.9519241144662384,0.9518395631137504,0.9628280090421876,0.9408389009252306,0.958181927332147,0.9088372082574444,0.0,0.9348140012880192,0.934152956597182,0.9620847303179968,0.9037812828455244,0.932678168308802,0.8567880879109966,0.0,0.8950782542185928,0.8948990106593813,0.9380889115816802,0.850930546454253,0.9572251378914356,0.9218863338698022,0.0,0.9432026383290584,0.9418807132282696,0.9616092532371944,0.9125067306672344,0.949482316011316,0.920977186996364,0.0,0.9348235880895368,0.934919716652474,0.9527580068072332,0.91922352492614,0.0,0.0,0.0,0.0,0.0,0.0,0.0,0.0,0.0,0.0,0.0,0.0,0.0,0.0,0.0,0.0,0.0,0.0,0.0,0.0,0.0,0.0,0.0,0.0,OncNeg,Cas12a,Guide2
Rasa1_3,2572.030819684243,1421.7343748865294,1223.7762237762238,10021.041557075225,172444.0,486350846.7016508,25.90416103349857,85.68704736321786,1.1075062716689683,1.053159218649626,1.0672257606777664,1.074146369790042,1.3219931069358724,1.2402522780410103,1.259147298708316,1.1833240944779115,Inert,Real,1.0712405348865264,1.0284262910571216,1.0,1.0516872362225382,1.051167772191895,1.0738107548902498,1.0227349161618675,1.0834113084149055,1.0471450664174564,1.0,1.0673487351793025,1.0665881508043122,1.086043781799198,1.0426378383143482,1.2184543086744208,1.1562710317451912,1.0,1.1858215588132517,1.1861569687060018,1.2260067713385308,1.150981275618815,1.2771477328369898,1.1990690587122292,1.0,1.2403877468582662,1.2393819250230314,1.2848371341072982,1.1901587307655452,1.1340224636810734,1.061860819289512,1.0,1.095354680755106,1.0971151835690678,1.1421304303591413,1.057612358451983,1.094918564325869,1.0459642635127615,1.0,1.074562327412434,1.0732700539944504,1.099613758222039,1.040116588748765,0.0,0.0,0.0,0.0,0.0,0.0,0.0,0.0,0.0,0.0,0.0,0.0,0.0,0.0,0.0,0.0,0.0,0.0,0.0,0.0,0.0,0.0,0.0,0.0,OncNeg,Cas12a,Guide2
Nf1_1,2696.903235771784,1460.363114159084,1262.493424513414,10423.854115327747,156517.0,458987245.80610806,25.60814790575916,90.13197323554996,1.1317948559167637,1.1005645742253467,1.0934351442318615,1.1245033197937415,1.2476136913140408,1.288119743574324,1.1428519273035276,1.1624515968877736,Inert,Real,1.1262849883940356,1.0702337146108272,1.0,1.1028565033579922,1.101133840107531,1.129586271164238,1.0636980609418285,1.1123620866519763,1.073782178604875,1.0,1.0933622595227106,1.0935334364293572,1.1154612860077169,1.070753090241339,1.214686306669007,1.1275616353413949,1.0,1.1641768782041853,1.1662750329648683,1.2241621097542787,1.1225644676073858,1.3371005336472197,1.240713936900265,1.0,1.2902182468225278,1.2890624516828804,1.3495153062776546,1.229702688532728,1.148936170212766,1.0909090909090908,1.0,1.11857799570947,1.1193808872971722,1.1537186174597525,1.0881388620528876,1.1537786934608452,1.0941846051452209,1.0,1.1251852786609875,1.12472311413437,1.158235115537866,1.0883821172970771,0.0,0.0,0.0,0.0,0.0,0.0,0.0,0.0,0.0,0.0,0.0,0.0,0.0,0.0,0.0,0.0,0.0,0.0,0.0,0.0,0.0,0.0,0.0,0.0,OncNeg,Cas12a,Guide1
Nf1_2,2217.895181186416,1257.588645653376,1034.992607195663,8916.083916083917,116377.0,291690626.28693813,19.903711304942707,58.66336838249261,0.9278458691279184,0.9413721633376702,0.941609390713874,0.9247756690406208,0.792870003052944,0.8383866493256567,0.8497586763342169,0.9035054419230548,Inert,Real,0.9673259099381892,0.9217804082054468,0.0,0.9402167289777528,0.9417906539824216,0.9722274073015126,0.918673381041075,0.961501508387308,0.9238625303820464,0.0,0.941263674639599,0.9418793244977748,0.9648729131144363,0.92110669861512,0.9284276567780444,0.8671869226036915,0.0,0.9025281951441998,0.9010278158149618,0.9347372114836816,0.8606122296792692,0.8739439672825318,0.8023597787568192,0.0,0.8377550032712991,0.8385008587866685,0.8814902481833848,0.7973125801304974,0.9521283617554934,0.89287233827325,0.0,0.9257830275170358,0.9235109411774672,0.9545454545454546,0.890875008368481,0.9518336907247484,0.9013085187532832,0.0,0.9244691059725514,0.9253211951783809,0.9581195647022626,0.8986970631806213,0.0,0.0,0.0,0.0,0.0,0.0,0.0,0.0,0.0,0.0,0.0,0.0,0.0,0.0,0.0,0.0,0.0,0.0,0.0,0.0,0.0,0.0,0.0,0.0,OncNeg,Cas12a,Guide1
Nf1_3,2280.120054958241,1288.769046253242,1048.951048951049,9074.171488690165,137965.0,352998487.8289489,20.576435495898583,61.11986312553577,0.940359274955318,0.9580632624369828,0.964955465054264,0.9507210111656376,0.9595163056330152,0.8734936071000193,1.0073893963622558,0.9340429611891716,Inert,Real,0.9690569166506642,0.9439435742738408,0.0,0.95736222682319,0.9570755059100474,0.9715389950530976,0.941431777765677,0.9702358208953364,0.9579245422629712,0.0,0.964836854689714,0.9645872390728678,0.971204938192722,0.9566639818497308,0.9581534320550206,0.9067713305111468,0.0,0.9327589083377398,0.9326971512201698,0.9626704584711562,0.9019083919221236,0.9160828735211792,0.8340367509473404,0.0,0.8720194782628936,0.8724366895304511,0.9234941912860588,0.8276596505735336,0.975,0.9374097425240392,0.0,0.9562412249106604,0.9571081715253604,0.9767441860465116,0.9359262906175272,0.9593994227500448,0.939593236452961,0.0,0.9506231033917186,0.9499556906872492,0.9607398316267208,0.9368331087418827,0.0,0.0,0.0,0.0,0.0,0.0,0.0,0.0,0.0,0.0,0.0,0.0,0.0,0.0,0.0,0.0,0.0,0.0,0.0,0.0,0.0,0.0,0.0,0.0,OncNeg,Cas12a,Guide1
Trp53_1,405.12773255747726,395.14951030126434,358.8516746411483,644.224196855773,333.0,135604.51347588727,1.0,1.0,1.0,0.9818862532668932,0.990524521075646,0.9895900175757576,1.0557112150162424,1.0,1.0661686232657417,1.0,Inert,Real,1.2347647421409491,0.7655560999510045,0.3772819472616633,0.9646153846153844,0.9857046412268724,1.315068493150685,0.7272727272727273,1.0822551711980173,0.9693457658038692,0.2981744421906693,0.9920455021939962,1.0018524317193112,1.1125046066884814,0.9546363175948744,1.472051039441798,0.6465951170595134,0.4665314401622718,0.9931751469114976,1.013022919073723,1.7148941032119382,0.4495409277232464,1.4719047689284988,0.6214279442357912,0.4705882352941176,0.9912040953006056,1.00967713085065,1.727808221621484,0.4386472665012121,1.2352941176470589,0.9375,0.242393509127789,1.0,1.0284815429110676,1.2352941176470589,0.9079246197215676,1.0931758975439552,0.9580296165438184,0.3002028397565923,0.99115120243649,1.0000847487014486,1.1285870084194511,0.9305961157136478,0.3772819472616633,0.3772819472616633,0.7545638945233266,0.7545638945233266,0.2981744421906693,0.2981744421906693,0.5963488843813387,0.5963488843813387,0.4665314401622718,0.4989999999999999,0.9330628803245437,0.998,0.4705882352941176,0.489,0.9411764705882352,0.978,0.242393509127789,0.242393509127789,0.4847870182555781,0.4847870182555781,0.3002028397565923,0.3002028397565923,0.6004056795131846,0.6004056795131846,PDAC,KT,Guide1
Trp53_2,416.5467371943501,404.5905118917214,358.8516746411483,717.7033492822966,306.0,128120.98495164182,1.0,1.0,1.0,1.093878584541371,1.0141903572593534,1.0174827834645934,0.9974502855793717,1.0,0.9797225186766276,1.0,Inert,Real,1.2,0.8048780487804879,0.6646525679758308,1.0909090909090908,1.058018020887917,1.237731477291241,0.8048780487804879,1.0987953844240574,0.9531177934490368,0.8338368580060423,1.0140219981916987,1.0176856859044632,1.1456275293009837,0.9328357985569176,1.3613237869312995,0.6110095197257818,0.4692849949647533,0.9927272727272728,0.9847467234183468,1.446327893970248,0.5146192086143163,1.3571008589551063,0.6130579010089734,0.4783484390735146,0.9913040898593116,0.9865126664692592,1.480312296476126,0.4829346576938991,1.1666666666666663,0.8571428571428571,0.1339375629405841,1.0,1.0007828374522956,1.252911438088989,0.8333333333333334,1.1148317224317787,0.9477382461175012,0.8227593152064451,1.0166789125319593,1.019843422610805,1.1614717181448126,0.9149198758066605,0.3353474320241691,0.3772819472616633,0.6706948640483383,0.7545638945233266,0.1661631419939576,0.2981744421906693,0.3323262839879153,0.5963488843813387,0.4692849949647533,0.4989999999999999,0.9385699899295066,0.998,0.4783484390735146,0.489,0.9566968781470292,0.978,0.1339375629405841,0.2009063444108761,0.2678751258811682,0.4018126888217522,0.1772406847935549,0.3002028397565923,0.3544813695871098,0.6004056795131846,PDAC,KT,Guide1
Trp53_3,406.49393947466194,397.0486545946135,358.8516746411483,606.3988095238078,298.0,121619.97734389466,1.0,1.0,1.0,0.9242351621917356,0.9952851216650002,0.992927198959649,0.9468384994043856,1.0,0.9541088580576308,1.0,Inert,Real,1.2461538461538455,0.8181818181818182,0.293,0.9258989141199618,0.956483329008602,1.2727272727272727,0.7654231974921634,1.0169896042179012,0.8807822784304776,0.277,0.9933651059794112,0.9806116162216274,1.036852987896215,0.8549826485104227,1.3956497230154512,0.5918417672836752,0.499,1.0,1.0023059054388908,1.6051335713019956,0.4185468077195773,1.420630096951634,0.5887651044548252,0.511,1.0030930926651616,1.003851271177285,1.511192513829758,0.4251064848396062,1.0,0.8076923076923076,0.032,1.0,0.9711398410995576,1.015040502901776,0.789794446148871,1.0326121749299455,0.8699670129709031,0.266,0.9908726128884368,0.9802119191278424,1.0658854582593482,0.8465611329213893,0.293,0.3772819472616633,0.586,0.7545638945233266,0.277,0.2981744421906693,0.554,0.5963488843813387,0.499,0.4989999999999999,0.998,0.998,0.489,0.489,0.978,0.978,0.032,0.096,0.064,0.192,0.266,0.3002028397565923,0.532,0.6004056795131846,PDAC,KT,Guide1
Trp53_1,1538.7576821499415,862.2087856937839,598.8023952095808,7244.208118684126,56791.0,353819168.82568854,228.07630522088357,2000.632118323516,1.0,0.9681034224613996,0.9925635846422493,0.9815858891921184,1.0438710832309146,0.9688781658237878,1.0860014915764178,1.0656365219683868,Inert,Real,1.007737153920636,0.928917764269662,0.093,0.9699932481150156,0.968900534163336,1.014772061774042,0.9190163290050568,1.0016469443425322,0.981787238017587,0.098,0.9926413068320789,0.9922962758532388,1.0033097965616251,0.9797743308166806,1.205357216743157,0.894603889438038,0.767,1.0642572191430757,1.0625825421068462,1.2541331609854292,0.8636841032501468,1.171122194587889,0.7647694893916851,0.389,0.9620392151666124,0.9685068923784128,1.2358014919102858,0.7354157876953097,1.0193285859613428,0.9726923076923076,0.155,1.0,0.9984603301641451,1.0349271572655958,0.9669785360484314,1.000983213331014,0.9594648008249697,0.059,0.9819704592444998,0.9812256795806048,1.0048524846480744,0.9561115092615308,0.093,0.228,0.186,0.456,0.098,0.261,0.196,0.5220000000000001,0.2329999999999999,0.3495,0.4659999999999999,0.699,0.389,0.389,0.778,0.778,0.155,0.224,0.31,0.448,0.059,0.177,0.118,0.354,SCLC,Cas12a,Guide1
Trp53_2,1578.863979371648,871.268285675088,598.8023952095808,7569.721115537849,54460.0,367975899.1452464,222.28571428571428,2234.0506795333,1.0,1.0116044154128554,1.0029927636598048,1.0071700184395302,1.0856376202524436,1.0819195117978166,1.0414263040138705,1.0385812556253118,Inert,Real,1.0515321752470062,0.9769802474503676,0.709,1.0123340082437349,1.0126830171234322,1.059361465550347,0.9700701320156458,1.013125250201253,0.9941117885478205,0.701,1.002724093617573,1.003098855224127,1.014563771908907,0.9925652341761896,1.2679814304943864,0.8805081793906017,0.628,1.0363467751285294,1.0440612615922598,1.310255263178534,0.762480585724436,1.341469924376394,0.8610740360416484,0.725,1.0856918003285423,1.08743443490475,1.3848553423876178,0.8243362999770507,1.017163836622304,0.974003466204506,0.183,1.0,0.9992516376262744,1.0268146883005975,0.9656723267553924,1.0309850086546382,0.9846554045283572,0.681,1.0067199886096736,1.0073511422130164,1.0354864836965143,0.9812486801272344,0.291,0.291,0.5820000000000001,0.5820000000000001,0.299,0.299,0.5980000000000001,0.5980000000000001,0.372,0.372,0.744,0.7440000000000001,0.275,0.389,0.55,0.778,0.183,0.224,0.366,0.448,0.3189999999999999,0.3189999999999999,0.6379999999999999,0.6379999999999999,SCLC,Cas12a,Guide1
Trp53_3,1585.2505957896774,872.5286265065466,598.8023952095808,7634.730538922156,45630.0,295052245.3886026,191.72268907563023,1960.003558675372,1.0,1.0202921621257457,1.0044436516979462,1.0112440923683514,0.8704912965166419,0.9492023223783956,0.8725722044097118,0.8957822224063017,Inert,Real,1.0480187593625436,0.9901684288297184,0.848,1.01815507772137,1.018416448713232,1.053572100814826,0.9828671563829324,1.01220899958496,0.9969671352420753,0.826,1.004672279112787,1.0046048689226343,1.0134647058328874,0.9952006523771526,0.9940066769212716,0.7776934602189821,0.038,0.8920301181883682,0.893356196300894,1.0122903193337496,0.75806378491538,1.1426754017293148,0.7416874520499203,0.324,0.942922587001937,0.9440586727168369,1.1995297331446697,0.7139151570821642,1.0268146883005975,0.9802904564315352,0.224,1.0,1.00228803220958,1.0349271572655956,0.9726923076923076,1.0313674360355332,0.9927658976208634,0.839,1.011576455259874,1.0114231782063787,1.036029366456541,0.9891244873274876,0.152,0.228,0.304,0.456,0.174,0.261,0.3480000000000001,0.5220000000000001,0.038,0.1139999999999999,0.076,0.2279999999999999,0.324,0.389,0.648,0.778,0.224,0.224,0.448,0.448,0.161,0.2415,0.322,0.4830000000000001,SCLC,Cas12a,Guide1
Cdkn2a_1,1705.2624494676331,751.2287817752056,460.9306409130817,14288.849868305524,893.0,17617095.96131543,3.016891891891892,148.68570700806328,0.9130434782608696,1.0084424134459071,0.9795094495427772,0.9812131479816228,0.5971434512824074,0.6558303650968473,0.8841584158415842,0.9320612566986228,Inert,Real,2.361396308356249,0.2868655491116174,0.549,1.0658578856152283,1.1126174650296243,2.473100324751494,0.10750589779012,1.0439053918028245,0.6643122842293299,0.252,0.9758048833955788,0.9370897108652496,1.0753443886026577,0.6181694744100041,1.2403783307899323,0.718756594831644,0.278,0.942277429753276,0.963999348846218,1.4329344311695342,0.6613507180710464,1.683699774550416,0.212340020167457,0.27,0.6976678711820603,0.7781593114390671,1.9196015920510991,0.1441055225229454,1.0434782608695652,0.5965528135708542,0.133,0.9432879668725648,0.9030052602177008,1.0845016429353778,0.530116682988689,1.2555468939049066,0.2992958963885277,0.427,0.9770683798178136,0.9283946755732032,1.5963089917038749,0.2062411709278477,0.4509999999999999,0.4509999999999999,0.902,0.9019999999999998,0.252,0.4419999999999999,0.504,0.8839999999999999,0.278,0.368,0.556,0.7360000000000001,0.27,0.478,0.54,0.956,0.133,0.399,0.266,0.798,0.427,0.427,0.854,0.854,PDAC,Cas12a,Guide2
Cdkn2a_2,1863.2278231926905,778.6362511289133,526.7778753292362,18858.647936786423,917.0,35593344.78424599,2.7957317073170733,261.5365028041342,1.0434782608695652,1.3309580977461033,1.0152454009217595,1.0721068996579384,1.206460633115738,1.1535983086180988,0.907920792079208,0.863734366987889,Inert,Real,2.224411720329861,0.221733652165874,0.567,1.0684698969382014,1.1202398311801098,2.75235269605783,0.1138436777908178,1.5128576082815388,0.9407269283453704,0.632,1.0148895818710653,1.0857577983233704,1.593344997067892,0.92396987774983,1.3718912464373674,0.7845809887460963,0.368,0.9185921524054153,0.9835959252856712,1.4868751671492255,0.7330728547142364,2.122476817478829,0.2996953971534122,0.602,1.1265392378295718,1.159053158456115,2.253069607829332,0.2129102307924208,1.5893589184069523,0.9130434782608696,0.535,1.023696682464455,1.0767547559574286,1.7369525211630472,0.9130434782608696,2.0093431992412616,0.7148661210985398,0.598,1.0417914527361465,1.134015883226896,2.2891084391965686,0.5076653724193274,0.433,0.4509999999999999,0.8660000000000001,0.9019999999999998,0.368,0.4419999999999999,0.736,0.8839999999999999,0.368,0.368,0.736,0.7360000000000001,0.398,0.478,0.796,0.956,0.4649999999999999,0.465,0.93,0.93,0.402,0.427,0.804,0.854,PDAC,Cas12a,Guide2
Cdkn2a_3,1645.2467822560193,770.9666194884228,526.7778753292362,9360.184372256235,1220.0,35296412.62517295,3.89776357827476,269.91879121986057,1.0434782608695652,0.6605994888079898,1.0052451495354635,0.9466799523604388,1.1963959156018549,1.190571326285054,1.207920792079208,1.204204376313488,Inert,Real,1.5358050450931278,0.1251070072517218,0.23,0.7111798221480268,0.7671427037902656,1.7160567237357365,0.1003264598453506,1.0834471288429577,0.7210744774441649,0.558,1.0066180168715866,0.9771524908113802,1.1456224853679098,0.6701095237780601,1.284871621017276,0.632283405654859,0.637,1.129987222753312,1.0524047258681108,1.317815006626888,0.5438467240465916,1.968789113933419,0.2154339832373505,0.522,1.0388272958480171,1.062787530104818,2.137638655944073,0.1334262366121604,1.169553534518396,0.720375774879282,0.726,1.0434782608695652,1.0202399838248706,1.285909030554285,0.6278898333378854,1.4121009930650057,0.3616564700554088,0.367,0.9581480995480456,0.9375894411999008,1.6263108694125754,0.2456476426786002,0.23,0.4509999999999999,0.46,0.9019999999999998,0.4419999999999999,0.4419999999999999,0.8839999999999999,0.8839999999999999,0.363,0.368,0.726,0.7360000000000001,0.478,0.478,0.956,0.956,0.274,0.411,0.548,0.8220000000000001,0.367,0.427,0.734,0.854,PDAC,Cas12a,Guide2
Trp53_1,631.7558627752123,532.6027117376816,437.06293706293707,1802.752293577981,249.0,176853.68818440288,1.0,1.0,1.0000000000000002,1.0965373258581892,1.01070958588801,1.0280513754225793,1.078151100659731,1.0,1.0204918032786885,1.0,Inert,Real,1.5563569829581514,0.7847000550357723,0.625,1.0760536339144708,1.095570389917707,1.6115611124430862,0.7407407407407407,1.0752936652828675,0.9603092793461492,0.632,1.0088353289140102,1.013036860390255,1.102478488705389,0.9482423499061317,1.225192668079002,0.7850365298833495,0.488,0.9958799223775684,1.0021741517877267,1.3084552880640343,0.7425515236842731,1.2526801185835978,0.7626406805170587,0.482,0.995040311634666,1.0009477793884929,1.3148578658454104,0.7295747856750182,1.0714285714285714,0.9437910383144528,0.639,1.0000000000000002,1.00181903524669,1.087607520244292,0.9203927826524884,1.135771563266367,0.9449206836360268,0.728,1.0254401574906082,1.0345141768639288,1.1716433499946934,0.9334771699840833,0.375,0.4509999999999999,0.75,0.9019999999999998,0.368,0.368,0.736,0.7360000000000001,0.488,0.493,0.976,0.986,0.482,0.496,0.964,0.992,0.361,0.411,0.722,0.822,0.272,0.287,0.544,0.5740000000000001,SCLC,TKO,Guide1
Trp53_2,631.3834031687873,543.5685569719126,437.06293706293707,1643.3566433566418,245.0,164712.42237983504,1.0,1.0,1.0000000000000002,0.9995837506666488,1.0315192525520065,1.027445274817525,1.0041344418895262,1.0,1.0040983606557377,1.0,Inert,Real,1.3928571428571428,0.6836342907099278,0.549,1.0213938654172092,1.0242863097146495,1.441335233148381,0.5496183206106869,1.094080286589075,0.9660414455268582,0.845,1.0353255373182488,1.029313389386982,1.1090875343363182,0.8912947419482116,1.2986925635038475,0.7358446717939497,0.493,0.9979809020376028,1.0070522658338452,1.3662613455639725,0.670720861307778,1.2726902351431773,0.7538513188459053,0.493,0.9969668206549758,1.0029146389894124,1.3273510049791488,0.7028176063318897,1.1428571428571428,1.0,0.919,1.0188185443668991,1.0366361330999536,1.1428571428571428,0.9545454545454544,1.11739254129705,0.9196315649204831,0.713,1.0285195870792467,1.021257362504013,1.136163142776553,0.8002790309110659,0.4509999999999999,0.4509999999999999,0.902,0.9019999999999998,0.155,0.2325,0.31,0.4650000000000001,0.493,0.493,0.986,0.986,0.493,0.496,0.986,0.992,0.0809999999999999,0.2429999999999998,0.1619999999999999,0.4859999999999997,0.287,0.287,0.5740000000000001,0.5740000000000001,SCLC,TKO,Guide1
Trp53_3,580.4141143980964,504.7063221655432,437.06293706293707,1486.013986013986,238.0,150536.58657028544,1.0,1.0,1.0000000000000002,0.903878923475162,0.957771161559984,0.944503349759896,0.9177144574507428,1.0,0.9754098360655736,1.0,Inert,Real,1.1128828813964804,0.6556780923994041,0.185,0.8695652173913045,0.8801433003676434,1.1861848404648672,0.623586058160731,1.017222289834601,0.9004897472865527,0.105,0.9545113134543596,0.9576497502227624,1.0508359180971292,0.8832526867205676,1.1545972340947284,0.8217060162677232,0.478,0.99208637455105,0.9907735823784278,1.1854962288743591,0.7858825557427838,1.2238142805890573,0.7727089930995079,0.496,0.9993541058288674,0.9961375816220952,1.2754674751221955,0.7244272076067432,1.0332481529047035,0.8571428571428571,0.411,0.9671122678339052,0.9615448316533564,1.0909090909090908,0.8571428571428571,1.044864474337956,0.8595000601924343,0.126,0.940682186516747,0.944228460632058,1.0788159311668768,0.8410857782988109,0.185,0.4509999999999999,0.37,0.9019999999999998,0.105,0.2325,0.21,0.4650000000000001,0.478,0.493,0.956,0.986,0.496,0.496,0.992,0.992,0.411,0.411,0.822,0.822,0.126,0.287,0.252,0.5740000000000001,SCLC,TKO,Guide1
