gene_combination_unordered,TTN,LN_mean_relative,LN_mean_relative_bootstrap_median,LN_mean_relative_bootstrap_mean,LN_mean_relative_97.5P,LN_mean_relative_2.5P,LN_mean_relative_pvalue_twoside,LN_mean_relative_pvalue_twoside_FDR,95_percentile_relative,95_percentile_relative_bootstrap_median,95_percentile_relative_bootstrap_mean,95_percentile_relative_97.5P,95_percentile_relative_2.5P,95_percentile_relative_pvalue_twoside,95_percentile_relative_pvalue_twoside_FDR,TTN_normalized_relative,TTN_normalized_relative_bootstrap_median,TTN_normalized_relative_bootstrap_mean,TTN_normalized_relative_97.5P,TTN_normalized_relative_2.5P,TTN_normalized_relative_pvalue_twoside,TTN_normalized_relative_pvalue_twoside_FDR,Genotype
Ccnl1_Ccnl1_Ccnl2_Ccnl2,225.0,0.67111025046581,0.6583224864777362,0.6728846554583255,0.8731370885959108,0.538963728264488,0.004,0.0047619047619047,0.5980495317333627,0.5827590574537957,0.6066179452041836,1.1826097851783113,0.3242237764826231,0.108,0.12,0.3711706025364527,0.3716088181827783,0.3794131466830691,0.522326551284238,0.27174365471179,0.0,0.0,KTCas12a
Ccnl1_Ccnl1_Ccnl2_Inert,922.0,0.6450437004043207,0.646625951260742,0.6485107321305031,0.7224735132762576,0.5880578233420086,0.0,0.0,0.4511301680838202,0.4590275301259544,0.4727760348643671,0.6372215217881817,0.377887629716288,0.0,0.0,0.696704515648495,0.6944220017918818,0.6983137829310493,0.8540046381510837,0.5513700303406667,0.002,0.0043478260869565,KTCas12a
Ccnl1_Ccnl2_Ccnl2_Inert,586.0,0.5923330251985102,0.5917460791291602,0.5937208534021209,0.6652301892926283,0.5369768151228751,0.0,0.0,0.4691281750649176,0.4429714600431089,0.4481690774798561,0.6364028213166144,0.3304017060199117,0.0,0.0,0.508409023510507,0.5129698601817146,0.5195606267748348,0.6814643655370443,0.3919836047990006,0.0,0.0,KTCas12a
Ccnl1_Ccnl2_Inert_Inert,3677.0,0.659806214923121,0.6606822474099846,0.660219167073058,0.6982563956705793,0.6217265817321542,0.0,0.0,0.5652230466925707,0.5675168689256183,0.5674900068829609,0.6513217076189257,0.479806918736909,0.0,0.0,0.4650846925480397,0.4617844846961339,0.4650127454351884,0.5248727194699716,0.4194882231551757,0.0,0.0,KTCas12a
Ccnl1_Inert_Inert_Inert,3467.0,1.0145129853830377,1.0126624805653344,1.0150817268111672,1.109374025379375,0.9346711845954376,0.752,0.7673469387755102,1.0358226753143738,1.0215238891285476,1.022654470073723,1.147615976643514,0.8984875441417962,0.734,0.7489795918367348,0.9668385397731808,0.9658410929645996,0.9718716224466952,1.1341276050928,0.8420717289815565,0.65,0.8552631578947368,KTCas12a
Ccnl2_Inert_Inert_Inert,4874.0,1.0909706202995255,1.090758044272122,1.091787998003128,1.17215189343083,1.014627691457504,0.026,0.0288888888888889,1.1298078093842772,1.1339332970265614,1.1354000043879189,1.2481849263906375,1.02528415906969,0.012,0.0146341463414634,0.9945417862187348,0.9929017532522456,0.9948437063434544,1.0917735484365685,0.9039978278348296,0.884,0.9404255319148936,KTCas12a
Cpt1a_Cpt2_Inert_Inert,1116.0,1.578639095070172,1.581654350449593,1.5858541879961772,1.84465016598458,1.3649489893280249,0.0,0.0,1.935410332281828,1.9063880285527144,1.926535353685964,2.347550562612886,1.6236647997837943,0.0,0.0,0.7599502290071928,0.7634965854067781,0.767937781719646,0.9222164334445409,0.6510572658509536,0.002,0.0043478260869565,KTCas12a
Cpt2_Glut1_Inert_Inert,1719.0,1.4439582749881854,1.451002368769421,1.4550614591399464,1.6790753225558974,1.251611381391667,0.0,0.0,1.7931630820243962,1.798733575575851,1.7982668661135683,2.18477053500774,1.459088249435032,0.0,0.0,0.949706517169214,0.9539037871708496,0.9555071098774002,1.1774866283307244,0.7374710031137813,0.704,0.8949999999999999,KTCas12a
Cpt2_Gpat3_Inert_Inert,1755.0,2.302482419903272,2.3143514992118,2.3228364884384645,2.726048201723656,1.9482280944697532,0.0,0.0,3.05396504459644,3.1029543285398,3.116061847261697,3.800357861372652,2.505916921253506,0.0,0.0,1.0226581078840176,1.020292966416546,1.0302027064901138,1.240368970167611,0.8639988917484652,0.8,0.9404255319148936,KTCas12a
Cpt2_Idh3a_Inert_Inert,1822.0,1.52121424734141,1.528111841922935,1.5325376917595703,1.8217052782609469,1.2756923537495233,0.0,0.0,1.922477142554881,1.9184751298184288,1.91536884444736,2.4033647756219465,1.4332197656933336,0.0,0.0,1.0161983383136632,1.0175483746692415,1.0230223435287915,1.2187075699673475,0.862465269822153,0.8620000000000001,0.9404255319148936,KTCas12a
Cpt2_Inert_Inert_Inert,1266.0,2.148745886483053,2.155221943694028,2.1654375750052903,2.5798856650612554,1.84891695671862,0.0,0.0,2.782902719973448,2.7906025634531675,2.7921897543161998,3.371521941347641,2.2135109648800246,0.0,0.0,1.02262193960434,1.0242448571563068,1.0369468461029097,1.275416726048957,0.8571882642173193,0.8520000000000001,0.9404255319148936,KTCas12a
Cpt2_Inert_Inert_Pgk1,1163.0,1.3198540039138484,1.3247965170084195,1.3233540513846374,1.4554191536845864,1.1846195756078202,0.0,0.0,1.3688082854215535,1.3803375023918678,1.3937298617625842,1.7378511593596788,1.1249075785437916,0.002,0.0025641025641025,0.9081087455775556,0.9133005711139744,0.9209967600336292,1.16916081086075,0.7149342346644959,0.532,0.7388888888888889,KTCas12a
Cpt2_Inert_Inert_Sdha,1364.0,2.081582852685851,2.0776015366679634,2.0919580095367096,2.5105593840035403,1.7471813238511742,0.0,0.0,2.1089910641947265,2.118216628384876,2.128068343403813,2.55326459785016,1.724490452153015,0.0,0.0,0.974136743415724,0.9738468770729146,0.9819649460446472,1.21273177579771,0.7983112110719762,0.818,0.9404255319148936,KTCas12a
G3bp1_G3bp1_G3bp2_G3bp2,118.0,0.6253651232772155,0.6201294315260206,0.6301773300156703,0.7851775400336576,0.5283754215058418,0.0,0.0,0.4567692951848677,0.4517946468303422,0.4960174036010588,0.9578358929395916,0.3031455713940487,0.03,0.0357142857142857,0.3735336105766247,0.3710601131394356,0.3884845585195481,0.6608264274282354,0.2306583045100926,0.002,0.0043478260869565,KTCas12a
G3bp1_G3bp1_G3bp2_Inert,468.0,0.7223176879817729,0.7174486389736855,0.7294903291904625,0.9118804957361916,0.6178942285399344,0.016,0.0181818181818181,0.5856738266918722,0.5714285714285714,0.5975240240756975,0.9538261263212066,0.4047293365408665,0.036,0.041860465116279,0.5481447458258332,0.549122421099029,0.5558094201149826,0.7338730613117702,0.4204706761130431,0.0,0.0,KTCas12a
G3bp1_G3bp2_G3bp2_Inert,456.0,0.8120657367659939,0.8009591723369569,0.8262865344789408,1.1565810672891073,0.6332011895046042,0.194,0.2020833333333333,0.6918513920478626,0.676650014026188,0.6888230421963975,1.123155445073253,0.4426896394961969,0.122,0.1326086956521739,0.6676121904288996,0.6661533090489217,0.6744637952924927,0.927296450713599,0.4640228160190257,0.016,0.032,KTCas12a
G3bp1_G3bp2_Inert_Inert,3150.0,0.7574750972296188,0.7568676973844733,0.7575865296652718,0.8317847074717066,0.6896841944417956,0.0,0.0,0.6554030945586786,0.659114060684785,0.6586684353973858,0.7944055619328957,0.5311477039303008,0.0,0.0,0.6098240973904694,0.6096740985390616,0.6111538078527502,0.6888376456889939,0.5388051574814698,0.0,0.0,KTCas12a
G3bp1_Inert_Inert_Inert,3241.0,0.943651053711106,0.941988451905767,0.9430303615709,1.0368341650303214,0.8632502222801615,0.17,0.1808510638297872,0.903399553763812,0.9009219603065824,0.9088918068657466,1.0798179833934598,0.7715385335195044,0.286,0.2979166666666666,0.88485302792298,0.888637015673696,0.888655621063994,1.0054707112398915,0.7741795273811387,0.066,0.1064516129032258,KTCas12a
G3bp2_Inert_Inert_Inert,3752.0,0.8792462881694102,0.8772335926145678,0.8789053513295108,0.9471683318598716,0.8228526491316617,0.002,0.0024390243902439,0.809298939041813,0.8078731173398903,0.8132943497754769,0.9376361534448466,0.7202049756349084,0.008,0.01,0.8153113102526547,0.8164240150416775,0.8168940654255546,0.9049938950199312,0.7349603240286026,0.002,0.0043478260869565,KTCas12a
Gsk3a_Gsk3a_Gsk3b_Gsk3b,912.0,82.452287329075,80.00817689161639,86.75756081537001,162.14146791494124,43.94696827700778,0.0,0.0,87.08328687659684,85.89097065978633,87.5291826165257,136.52519053868323,53.69473271883743,0.0,0.0,1.2716422674836183,1.2789171929847871,1.3037202704066495,1.8066220490238531,0.9870637527497896,0.062,0.1033333333333334,KTCas12a
Gsk3a_Gsk3a_Gsk3b_Inert,2309.0,85.29802839200953,85.05713543247154,86.05552744395902,115.9513571171248,61.27816806851977,0.0,0.0,95.82435753374334,95.95010275403712,96.87510177281028,122.81497273384014,74.40274203965008,0.0,0.0,1.1861469280550392,1.1899645459199162,1.199280658125661,1.4238443076436114,1.0127695369013143,0.028,0.0482758620689655,KTCas12a
Gsk3a_Gsk3b_Gsk3b_Inert,1587.0,43.56894951389005,42.79202314244155,43.79128035347931,63.191959165521325,29.1373356562138,0.0,0.0,67.00676638904038,66.21523468800422,65.85870368225149,84.22742817086498,46.341763332498985,0.0,0.0,1.3567685314517397,1.3706698547296787,1.3833400151584765,1.719622082601964,1.1252627931803474,0.002,0.0043478260869565,KTCas12a
Gsk3a_Gsk3b_Inert_Inert,7323.0,57.68343772681176,57.52577713642624,58.19798654188561,76.05834262122991,45.11339934372453,0.0,0.0,77.80020275782766,78.15914325981299,78.28958451545728,94.21815420951296,64.48874824292388,0.0,0.0,1.201268875745941,1.1990018493899168,1.2041367770132898,1.4005293891022257,1.026449038179586,0.02,0.037037037037037,KTCas12a
Gsk3a_Inert_Inert_Inert,4377.0,1.0674209983002512,1.0638689915158597,1.0673191685997052,1.1652230784870314,0.9789436687668176,0.1579999999999999,0.1717391304347825,1.113565864912886,1.09777378584718,1.1085039125123315,1.291888392404423,0.9586995038373768,0.1939999999999999,0.2063829787234042,1.023265244075811,1.0200111862954628,1.0237289291504017,1.1667907593896525,0.8984311356217948,0.772,0.9404255319148936,KTCas12a
Gsk3b_Inert_Inert_Inert,4545.0,1.715958433927372,1.7102646172060578,1.713754236440462,1.8884421973108705,1.5622940445761817,0.0,0.0,2.14913109516855,2.1272489989650096,2.1217466371288976,2.3976490813572617,1.819951001089476,0.0,0.0,1.132623145016554,1.1339256314229145,1.1388793771078678,1.2839794892050629,1.0175629235922647,0.028,0.0482758620689655,KTCas12a
Inert_Inert_Inert_Inert,32222.0,1.0864983326154292,0.9967661862810492,1.0021954737066927,1.1388602029419777,0.8816390797631443,0.972,0.972,0.9860206605349948,0.9963706568812069,1.0038882183792346,1.1873577834983813,0.8492024067583471,0.94,0.94,1.0126915469249242,0.9994082364583086,1.0004871164992464,1.0635193583873963,0.9411552762531727,0.976,0.9959183673469388,KTCas12a
Inert_Inert_Inert_Setd2,15983.0,2.773360739921014,2.7750274873374225,2.775026432503256,2.9940209890035505,2.5418472788281163,0.0,0.0,3.82102611303522,3.823289554702898,3.833973230902139,4.266233298967582,3.453269055512185,0.0,0.0,1.105734203751785,1.1061570453592997,1.1077737368929648,1.2058489390508271,1.0157451515458833,0.02,0.037037037037037,KTCas12a
Inert_Inert_Setd2_Setd2,4994.0,3.04307515488037,3.0391853342750377,3.041253690673056,3.3200024115857167,2.7446837319387263,0.0,0.0,3.978441611341872,3.980223767205387,3.977738648622706,4.460474124407402,3.4903668171451896,0.0,0.0,1.3323963069983311,1.3335467072022391,1.3392008790865595,1.5780093593202316,1.1485461753154915,0.0,0.0,KTCas12a
Inert_Setd2_Setd2_Setd2,3322.0,3.2897876169469424,3.294272396994784,3.2907569956483127,3.6732166732341742,2.9098772366794314,0.0,0.0,3.977179679583792,3.9678628072957975,3.970765409239395,4.573529821865399,3.4030409567191464,0.0,0.0,1.1649373340712283,1.1678473938220255,1.1748346826322351,1.4077590847613792,0.9828820477230064,0.076,0.1187500000000001,KTCas12a
Pcna_Inert_Inert_Inert,8563.0,0.6695782539987875,0.6697642847595062,0.6703991616830584,0.7092200290529025,0.6317316227943155,0.0,0.0,0.5349779253918882,0.5373050933648356,0.5377074424943391,0.5961920816044259,0.4791954989510907,0.0,0.0,0.5773983361757686,0.5774355212458029,0.5773090825133864,0.6237447968387794,0.5325919812333431,0.0,0.0,KTCas12a
Pcna_Pcna_Inert_Inert,1314.0,0.6321856935130703,0.6303819166233737,0.6323199557330856,0.6990021990307448,0.575755348058988,0.0,0.0,0.4913398740202538,0.4839387797363185,0.4919264713014861,0.6614061905332103,0.3812517454454275,0.0,0.0,0.4286968764226037,0.4291552066239261,0.4317018823513384,0.5252086275308215,0.3508466699584001,0.0,0.0,KTCas12a
Pcna_Pcna_Pcna_Inert,812.0,0.6045761701887128,0.6046386104476695,0.6054780285508289,0.6688415776443702,0.5409172164862674,0.0,0.0,0.4684723551591092,0.4758054856869086,0.4806218227246379,0.6444606935702827,0.3389778429624015,0.0,0.0,0.4616769703868731,0.4648373732535399,0.4713998878519166,0.6077191353764669,0.3783651571874213,0.0,0.0,KTCas12a
Pcna_Pcna_Pcna_Pcna,170.0,0.5744872059323951,0.5720158798149257,0.5758870784455746,0.6661330623573322,0.5083166382229172,0.0,0.0,0.3868117492926889,0.3721285787272673,0.3880153582859877,0.6066542684068059,0.2574774181274049,0.0,0.0,0.423643420578249,0.429583075856775,0.4425523334944604,0.6755906845834936,0.2929288260411136,0.002,0.0043478260869565,KTCas12a
Rb1_Inert_Inert_Inert,16537.0,2.3289283043520164,2.3223723564575565,2.323233264493386,2.526219542612473,2.1231631322020275,0.0,0.0,3.010341480012291,3.0118941045349583,3.0202828288111943,3.3200176001493973,2.7251497125272075,0.0,0.0,1.150858720655754,1.14456599997979,1.1486969419670514,1.275494537797542,1.039907465154788,0.006,0.0125,KTCas12a
Rb1_Rb1_Inert_Inert,3309.0,2.5607601136335245,2.551332702572453,2.5552343461414257,2.8841790092661777,2.250597226893737,0.0,0.0,3.4623261818990274,3.460953254793324,3.445069395809987,3.958096845380725,2.9365323631034017,0.0,0.0,1.0119228336444637,1.0108898170145686,1.0151298776504412,1.1737803519804624,0.8697373484976664,0.8680000000000001,0.9404255319148936,KTCas12a
Rb1_Rb1_Rb1_Inert,1992.0,2.907663971680182,2.8605665609418285,2.9011787371013447,3.723261947969297,2.32172236578577,0.0,0.0,3.655983974624846,3.60083673335967,3.634795148254356,4.766218443814232,2.759551386282572,0.0,0.0,1.041575409879674,1.0432695505550449,1.0504182219990057,1.288463890534462,0.8389648942791955,0.716,0.8949999999999999,KTCas12a
Rb1_Rb1_Rb1_Rb1,524.0,2.959206097256462,2.92694598817437,2.98498316812078,4.186383356857554,2.157027906321064,0.0,0.0,3.693016588488336,3.699366016862376,3.862448132282799,5.804728898691639,2.3113727053125936,0.0,0.0,0.9898947022771458,0.9992653569571136,1.0370325701445164,1.6109873010649942,0.7242546228379004,0.996,0.996,KTCas12a
Rbm10_Inert_Inert_Inert,31480.0,1.39235596913391,1.3922580455771234,1.3917169347577218,1.4554428853948576,1.326485073955413,0.0,0.0,1.578955588293371,1.579372544412129,1.5804435474029708,1.6710292061012475,1.49159547279469,0.0,0.0,1.0690325573495372,1.068403915500841,1.0704793216610868,1.1585975412331906,0.984953094724018,0.1,0.1515151515151516,KTCas12a
Rbm10_Rbm10_Inert_Inert,7522.0,1.285978382173048,1.2881858358792608,1.287957744420663,1.3950306873910094,1.1891803516829331,0.0,0.0,1.4123687192781933,1.3955772124342534,1.402134033828765,1.5954461205209598,1.2370293730409794,0.0,0.0,1.024434699389266,1.021835031656518,1.0244495458563398,1.118434361358275,0.9387739254835742,0.6279999999999999,0.8486486486486485,KTCas12a
Rbm10_Rbm10_Rbm10_Inert,7018.0,1.2911547999729076,1.2890950452545136,1.290101851126359,1.4063215275348755,1.1840793482643432,0.0,0.0,1.3821094521442103,1.3918270228657157,1.3934210333835495,1.5473937301746965,1.251975467986643,0.0,0.0,1.0606230565772532,1.0605309333405546,1.0606197384049447,1.1972520010787002,0.9393390012387288,0.3560000000000001,0.5085714285714287,KTCas12a
Rbm10_Rbm10_Rbm10_Rbm10,2478.0,1.303301613454852,1.3054568769573844,1.3077657613933675,1.4579206701951453,1.1862063453342706,0.0,0.0,1.455019774668551,1.447079590193119,1.4577503916794008,1.6718793302523671,1.2925884420834637,0.0,0.0,1.078942808245492,1.0728823011180877,1.0827357242980415,1.2828925584815103,0.9308119086012628,0.3460000000000001,0.5085714285714287,KTCas12a
Rpa3_Inert_Inert_Inert,19680.0,0.7086598231245621,0.709505019385722,0.7098688609249193,0.7411596413444229,0.6784904981299593,0.0,0.0,0.611156915410904,0.6115994076268048,0.6108859033885637,0.6630815411121651,0.5636839611390903,0.0,0.0,0.6505839489599329,0.650558475232722,0.6500958710186588,0.690762383195604,0.6103470981884216,0.0,0.0,KTCas12a
Rpa3_Rpa3_Inert_Inert,2616.0,0.6043576671260809,0.6045114831860375,0.6053313442248942,0.648404710689155,0.5681362839113158,0.0,0.0,0.448290770506099,0.4494553811123803,0.4513810426572837,0.5161540405460419,0.3932427776120742,0.0,0.0,0.4802489936099656,0.4812884595907798,0.4815473695112825,0.5446852467451208,0.4240598229100042,0.0,0.0,KTCas12a
Rpa3_Rpa3_Rpa3_Inert,1938.0,0.5952713760272086,0.5944093967703936,0.5967176611399652,0.654589672020037,0.5520965887724031,0.0,0.0,0.4033720884006797,0.4008063913984917,0.4022404282009614,0.476512902069046,0.3361349661122889,0.0,0.0,0.3795788373676017,0.3795519575033271,0.3815934625645477,0.4473549730778399,0.3304648819700203,0.0,0.0,KTCas12a
Rpa3_Rpa3_Rpa3_Rpa3,503.0,0.5165101419186033,0.5180487985080307,0.517484037340442,0.5697859664466064,0.4625670970505283,0.0,0.0,0.3108585454709335,0.3130564716178693,0.3158677855612793,0.4028658328197749,0.2467603073157192,0.0,0.0,0.4178287069624691,0.4169505983472342,0.4217971822415783,0.5739829939192937,0.3094677515392223,0.0,0.0,KTCas12a
Rps9_Inert_Inert_Inert,10292.0,0.6899009743153669,0.6902571623820208,0.6916913926929976,0.7354086907503649,0.6529442047917958,0.0,0.0,0.588381636289255,0.5871504549572952,0.5912353974524709,0.673924197152931,0.529398294497709,0.0,0.0,0.477028073222824,0.4764529869975195,0.4763989943967425,0.5103352134025765,0.4443653636199604,0.0,0.0,KTCas12a
Rps9_Rps9_Inert_Inert,1790.0,0.6173373467616621,0.616636463882116,0.6184204698978263,0.6833749056701639,0.5651219195861797,0.0,0.0,0.5113273606150315,0.5018460000369966,0.5029888900121804,0.6363791894614185,0.3825614990865205,0.0,0.0,0.3181390785793813,0.3176714552522017,0.3184913049164629,0.3688766077364657,0.2764688143373431,0.0,0.0,KTCas12a
Rps9_Rps9_Rps9_Inert,1121.0,0.5656700278136015,0.5658262555258984,0.5671786926589488,0.629594623356848,0.5131357243414703,0.0,0.0,0.4103327651994004,0.4145614273955477,0.4174403131948381,0.5197218508177412,0.3355279321348196,0.0,0.0,0.1992368196019477,0.1995147557573041,0.1998167994198428,0.2306593583251688,0.1718282831656157,0.0,0.0,KTCas12a
Rps9_Rps9_Rps9_Rps9,254.0,0.699707574512534,0.6891204109395856,0.6989847099970953,0.8722661104502583,0.5768544306438456,0.008,0.0093023255813953,0.6198565705722416,0.5864209217465404,0.5981109824318256,1.0938066328554312,0.3461257250791732,0.092,0.1045454545454545,0.1502511929549357,0.1503805298351814,0.1516490973220057,0.1917630189328547,0.1176651315063867,0.0,0.0,KTCas12a
Setd2_Setd2_Setd2_Setd2,731.0,2.9932469936236163,2.9920476834733862,3.0131595210314512,3.8292488563566063,2.4162638824107394,0.0,0.0,3.85867782269576,3.841012800611302,3.8749372812262335,5.004506952341703,2.9310236299380583,0.0,0.0,0.984118796538668,0.989932693203018,1.0089653555552816,1.3963558972966854,0.7528945238404285,0.942,0.9812499999999998,KTCas12a
Ccnl1_Ccnl1_Ccnl2_Ccnl2,71.0,1.204895285571224,1.1700378969099012,1.193069689315223,1.6540683753738707,0.845457227258317,0.3740000000000001,0.998,1.3014262071224467,1.236842105263158,1.2478204138377604,2.5107123221497702,0.6349206349206349,0.6359999999999999,0.992,1.0,1.0114137796417442,1.0241866035134366,1.4623552353399352,0.6895029128647493,0.94,1.0,KT
Ccnl1_Ccnl1_Ccnl2_Inert,155.0,0.8918653897390278,0.8877983741352734,0.8956056988129808,1.1259168404191695,0.7175225191298165,0.292,0.998,0.7882721114942225,0.7727272727272728,0.8727139021313363,2.5772519375082945,0.4603449514297441,0.34,0.992,1.0,1.0135365776149,1.0215172886736226,1.3505919992791602,0.7603549687948341,0.926,1.0,KT
Ccnl1_Ccnl2_Ccnl2_Inert,135.0,0.93372763476622,0.924887371734467,0.9268105102118926,1.1151001768554225,0.7507056413641897,0.42,0.998,0.8731643384319837,0.8614910009949286,0.8573770958447383,1.255813953488372,0.4720348413276022,0.362,0.992,1.0,0.9991084715644224,1.0119226841921165,1.4311142892832354,0.6674735098973376,0.996,1.0,KT
Ccnl1_Ccnl2_Inert_Inert,926.0,1.0075195110593995,1.0009582866614588,1.0037681419254676,1.097187347913008,0.9223247059069276,0.97,0.998,1.01570397957188,1.0072037504120193,1.0162186333464382,1.2333343409915356,0.8287815085133288,0.952,0.992,1.0,0.9946714977510724,0.999588814783032,1.1541327621870785,0.8527232447141317,0.938,1.0,KT
Ccnl1_Inert_Inert_Inert,420.0,0.9999541932239352,1.0001835433251731,1.008136181407799,1.1749860533051184,0.8646349086976447,0.998,0.998,1.022993905570778,1.0,1.0151611915976777,1.6143946845519983,0.6612829041766868,0.976,0.992,1.0,0.9998007913398496,1.0075648072929615,1.2346152811059987,0.8149749973215165,0.996,1.0,KT
Ccnl2_Inert_Inert_Inert,574.0,1.049897217516849,1.0474624992996748,1.0594571686643102,1.2527298953137236,0.9184503801543656,0.4519999999999999,0.998,1.1080407049875056,1.121300900334438,1.1276761911389583,1.4927016609826045,0.8749705402465555,0.318,0.992,1.0,1.0072308138636932,1.006367115611151,1.149008331005981,0.8758718568386216,0.916,1.0,KT
Cpt1a_Cpt2_Inert_Inert,172.0,1.011794093183075,1.0037469015586924,1.00673742258836,1.2075097651701023,0.8286213119403073,0.972,0.998,0.9146789925873686,0.8954555585824985,0.9290436114481482,1.4035182774826294,0.6328571997607948,0.55,0.992,1.0,0.9976558823366344,1.0033442522867084,1.2517438452887453,0.803638498136478,0.98,1.0,KT
Cpt2_Glut1_Inert_Inert,212.0,0.9575583248142082,0.9477386542855992,0.9534088297674608,1.1543237615489528,0.7930048524414558,0.562,0.998,0.9440072280726884,0.9244446324093272,0.9298204505627768,1.1700148777156183,0.6722666661973735,0.488,0.992,1.0,1.0005282467828638,1.01529783849088,1.3841647373592894,0.7488731118230143,0.998,1.0,KT
Cpt2_Gpat3_Inert_Inert,201.0,1.0496292425635243,1.041128495566828,1.052513753983265,1.2958861667043864,0.8602836336806525,0.69,0.998,0.9846179087256148,0.9682156395180206,1.0200593462914558,1.53345193240183,0.7240605230246664,0.884,0.992,1.0,1.0031897324943002,1.0099134204218725,1.263897443500708,0.8165179130241477,0.986,1.0,KT
Cpt2_Idh3a_Inert_Inert,210.0,1.1791738352013714,1.1800768177233831,1.1891852476676403,1.469195834655182,0.9764322546251968,0.07,0.998,1.1480119837512697,1.1694915254237288,1.2004928211913652,1.7047522325337066,0.8647710210210211,0.282,0.992,1.0,1.002330270903105,1.0080002300047874,1.250479343091221,0.7914475553797038,0.988,1.0,KT
Cpt2_Inert_Inert_Inert,145.0,1.0922291246469902,1.058263633247189,1.10205374719861,1.5787459830901254,0.8396360534188381,0.69,0.998,1.0037545209886802,1.0,1.1041098214213627,2.612386354475207,0.6068407333621779,0.986,0.992,1.0,0.9914441096665472,1.007604643822821,1.3406428791410907,0.7528585179031875,0.964,1.0,KT
Cpt2_Inert_Inert_Pgk1,150.0,1.0083509407472822,0.9993141085810192,1.01104372776543,1.3722168655996536,0.7477782035409392,0.998,0.998,0.9992469922888698,0.9593619160185972,1.0988748078889694,2.2349410475342744,0.4827586206896552,0.868,0.992,1.0,1.0148039237698017,1.0329498297323108,1.4865147485338552,0.6868687924942924,0.944,1.0,KT
Cpt2_Inert_Inert_Sdha,164.0,1.0409768544731317,1.0316888327558524,1.0625358039739958,1.4818269341702863,0.8511063767863845,0.8260000000000001,0.998,0.9313891527323516,0.919669117647058,0.9631921639388232,1.6874365130466282,0.5693709643399935,0.554,0.992,1.0,1.002478319622139,1.0112011197667183,1.2973925674243183,0.7737792870880206,0.986,1.0,KT
G3bp1_G3bp1_G3bp2_G3bp2,37.0,1.0052985479058687,0.9798310990722068,1.0251311098518028,1.5622183416867863,0.7173065813414906,0.922,0.998,0.9011811978957848,0.841384328328554,1.0067872695173077,2.545243583832796,0.3744131220654978,0.614,0.992,1.0,0.9901879030395012,1.0570521381659466,1.8303014425369215,0.5441234680006747,0.97,1.0,KT
G3bp1_G3bp1_G3bp2_Inert,100.0,1.1814851346224546,1.1900962302287177,1.2036888426719912,1.5429843366321738,0.9599502941248306,0.1519999999999999,0.998,1.2313494113543146,1.2134439385918727,1.2683127127485831,2.1132365926655257,0.7510715965948651,0.31,0.992,1.0,1.008090071814844,1.0226107969841662,1.4299601305229026,0.7133606851130903,0.968,1.0,KT
G3bp1_G3bp2_G3bp2_Inert,80.0,0.9297273003211626,0.9061554394997292,0.9349068478772796,1.2660390367657095,0.7302944911384361,0.558,0.998,0.7187410305267521,0.7030892569630599,0.841057269481745,2.0,0.4836507417661897,0.29,0.992,1.0,1.0178386616300208,1.036666202755859,1.5776848535261845,0.632632698813878,0.954,1.0,KT
G3bp1_G3bp2_Inert_Inert,605.0,0.9600416392896536,0.9567484204605444,0.9559416919790432,1.0662983004204394,0.839024667636016,0.466,0.998,0.9832309219782864,0.9581600961632402,0.9522742061761604,1.1838600902900478,0.7220842930182761,0.704,0.992,1.0,1.0023979855425451,1.0039734120831707,1.1788832063008985,0.850356868969472,0.98,1.0,KT
G3bp1_Inert_Inert_Inert,429.0,1.0348581214804522,1.0269156208399648,1.0436989669669128,1.2860302593370427,0.8776757251482195,0.77,0.998,0.9917314394367184,0.9841141141141132,1.0474591687929018,1.8148395308105632,0.7373005261923911,0.906,0.992,1.0,1.003032662096127,1.00783250766471,1.191507341686504,0.8418829655624644,0.982,1.0,KT
G3bp2_Inert_Inert_Inert,539.0,1.0381591462683788,1.040018181756972,1.04299647189672,1.1604872413114258,0.940691610280132,0.4439999999999999,0.998,0.9983729184045316,1.0202026429209334,1.0595718224313482,1.541818035253654,0.8260223541166414,0.8759999999999999,0.992,1.0,1.0052691628684682,1.0028577397139042,1.1327957182060129,0.8708459884359183,0.942,1.0,KT
Gsk3a_Gsk3a_Gsk3b_Gsk3b,84.0,0.8717158151990761,0.8726556227817905,0.8760119971337019,1.1151033943854585,0.6962814917165212,0.224,0.998,0.9634446612933836,0.924167012934736,0.8806096377540037,1.160304054054054,0.4076994355170729,0.462,0.992,1.0,0.9992338988535212,1.018415682991895,1.4636798131178408,0.6709384533655369,0.998,1.0,KT
Gsk3a_Gsk3a_Gsk3b_Inert,228.0,1.0585816383863709,1.0415872224323677,1.0486633991773353,1.3164248098759417,0.8124443992332726,0.736,0.998,1.086754739256068,1.056990715203661,1.0481445790383404,1.4923931093741123,0.6498611111111111,0.732,0.992,1.0,1.0041766539518964,1.008235283226995,1.245566111105599,0.8108516226908995,0.972,1.0,KT
Gsk3a_Gsk3b_Gsk3b_Inert,137.0,1.103857329867849,1.0861501899750596,1.1236799612111628,1.5963677673242869,0.881348544612751,0.512,0.998,1.2410997800684342,1.1674894224820966,1.2727419765156265,2.6301016754683784,0.6596283882730102,0.756,0.992,1.0,0.9967517738986637,1.0095239558375433,1.2997043393380905,0.7503886972360267,0.978,1.0,KT
Gsk3a_Gsk3b_Inert_Inert,714.0,1.05425721459825,1.0469112705232226,1.0520918507578236,1.2427237488631426,0.899258410327536,0.6279999999999999,0.998,1.1080407049875056,1.0995629657205348,1.1076751878287592,1.600895862148451,0.8065180903300335,0.532,0.992,1.0,1.0057748332680587,1.0108592186258472,1.2145076674613478,0.8308846787291702,0.956,1.0,KT
Gsk3a_Inert_Inert_Inert,501.0,1.0537994873541867,1.0535496717552677,1.0573216774838332,1.2097973930464334,0.9130092946105084,0.4499999999999999,0.998,1.0428618399882406,1.0444444444444445,1.03656548759444,1.333422619047619,0.7368421052631579,0.808,0.992,1.0,1.003491016086559,1.0042227771924517,1.185352590071301,0.8371264983175736,0.972,1.0,KT
Gsk3b_Inert_Inert_Inert,470.0,0.9846239664312734,0.990799717639973,0.9914059855435028,1.1584598807288364,0.8492115926811431,0.886,0.998,0.904258838324711,0.9027468567375788,0.9184182260101418,1.3096696448711087,0.5813575483227154,0.57,0.992,1.0,1.0002447038974769,1.0049875909291277,1.1742203582682529,0.8446207008284308,1.0,1.0,KT
Inert_Inert_Inert_Inert,3774.0,0.9952890201329784,0.9985544940619896,1.0017419647498358,1.125478083884912,0.8945535498323857,0.976,0.998,0.9776829749889756,1.0,1.0045263869917256,1.1914134267200518,0.8281348332854812,0.974,0.992,0.9971515443556872,1.0015386100784365,1.0006940248187586,1.0763770894496774,0.9271591653502672,0.97,1.0,KT
Inert_Inert_Inert_Setd2,1693.0,1.0422147984439614,1.0408576285668978,1.0400696981485538,1.1550632125564149,0.9254843991140485,0.524,0.998,1.0411409656979531,1.0540451691155703,1.0788081620597922,1.3798115095896155,0.8795597453100694,0.5920000000000001,0.992,1.0,0.9991197538147658,1.0031516795146074,1.1055746593655793,0.9100652773368264,0.992,1.0,KT
Inert_Inert_Setd2_Setd2,439.0,0.9777098912479212,0.980204627362764,0.9880282725082712,1.1513817415306602,0.8666826252128829,0.79,0.998,1.0362779631201384,1.037577403370168,1.0790623680890483,1.6786973178566609,0.6868196700815027,0.8300000000000001,0.992,1.0,1.0036360089714584,1.0090567235111958,1.2175415060879953,0.8114995646191762,0.976,1.0,KT
Inert_Setd2_Setd2_Setd2,334.0,0.9833018932938292,0.9828800838161031,0.9901448607859308,1.150784338300512,0.8626966477371341,0.808,0.998,0.958145765697403,0.924459863496334,0.954093881412095,1.472750548975026,0.6249605232826188,0.66,0.992,1.0,0.9963464273225078,1.0013721391845454,1.2472309794733154,0.8050910976073482,0.966,1.0,KT
Pcna_Inert_Inert_Inert,1737.0,1.035427449036716,1.0346024396576912,1.0346084254236676,1.117093321146662,0.9509640355713114,0.4479999999999999,0.998,1.0689333859879426,1.0681818181818183,1.0699453650987556,1.2356883991393115,0.8982667167163046,0.4499999999999999,0.992,1.0,0.996981131065516,0.9998926444490036,1.0920724976727545,0.9168214233317726,0.948,1.0,KT
Pcna_Pcna_Inert_Inert,359.0,0.9579634078994608,0.9499961223698729,0.9528245416366262,1.1007613012874824,0.8188695864179559,0.504,0.998,0.8580832134873274,0.8333333333333334,0.8512710366806916,1.1983416553232118,0.6205625381145882,0.244,0.992,1.0,1.006306474425803,1.0116315764663124,1.30574768559064,0.7805202213593775,0.974,1.0,KT
Pcna_Pcna_Pcna_Inert,206.0,0.9663288841061528,0.9668815296493368,0.9725287990525888,1.136591670574583,0.8295547195289008,0.698,0.998,0.9617041871231536,0.9350013226473974,0.9409615273581684,1.205945251321899,0.7369291410998206,0.534,0.992,1.0,1.0012174322005958,1.0081133111935,1.3418801820875232,0.7281727432128324,0.988,1.0,KT
Pcna_Pcna_Pcna_Pcna,47.0,0.8161895985940991,0.7975114281253713,0.8429524236721438,1.3396455355555072,0.5959676876288552,0.348,0.998,0.6569778171991763,0.5862240937592638,0.7525193368394749,2.131855670829196,0.2765957446808511,0.334,0.992,1.0,0.9895354442617836,1.0241339973733017,1.714436697927162,0.5650234249848746,0.948,1.0,KT
Rb1_Inert_Inert_Inert,1683.0,1.0400759530312311,1.038248781207321,1.0448382905743063,1.1778639132448117,0.9422267622953664,0.4499999999999999,0.998,1.1742189631787725,1.1697632936233575,1.1897116637886165,1.5869565217391304,0.9206349206349208,0.2039999999999999,0.992,1.0,1.0023470902136769,1.005388269927607,1.123243555408477,0.8943675467298519,0.97,1.0,KT
Rb1_Rb1_Inert_Inert,383.0,0.964409999251352,0.9632888327740954,0.972763283370614,1.223079455307064,0.7970237538917159,0.7,0.998,0.8903686382179836,0.8926196944718029,0.9123420330789463,1.3413466614077465,0.5366839367636309,0.636,0.992,1.0,0.9977664134977182,1.003996865663859,1.1841174349684105,0.8482580842484189,0.982,1.0,KT
Rb1_Rb1_Rb1_Inert,224.0,1.0041085109153085,1.006708908104481,1.021161241792072,1.293057611620586,0.836676562374266,0.95,0.998,1.0048408354053353,0.9911930523936384,1.1141117673168832,2.3020640220741044,0.6725757575757575,0.97,0.992,1.0,1.0094454011155694,1.0146845431004243,1.3343373812451371,0.7523118596225037,0.952,1.0,KT
Rb1_Rb1_Rb1_Rb1,62.0,1.0218336623896944,1.0354227763841817,1.0576847051035627,1.5033643003303394,0.7238365835841024,0.8759999999999999,0.998,0.8227684790521365,0.8033240997229937,0.9475807764819696,1.7516129044818665,0.4324324324324324,0.754,0.992,1.0,1.0076447043400645,1.0284769113633196,1.6791657125326538,0.6040286792094475,0.974,1.0,KT
Rbm10_Inert_Inert_Inert,3449.0,1.0337995028889435,1.033599543694257,1.03241250805641,1.1153035381421204,0.9560462260254846,0.4579999999999999,0.998,1.165287453447177,1.16,1.1598065281600334,1.3389437392703354,0.994028702134123,0.072,0.992,1.0,1.001460418135273,1.0017220587754438,1.1101673268708456,0.8998719405471994,0.978,1.0,KT
Rbm10_Rbm10_Inert_Inert,860.0,0.9938696986962464,0.993951067087148,0.992014362310362,1.1232325526862168,0.8465040054151266,0.926,0.998,1.0372440383299133,1.0374338479415988,1.0449429939899513,1.325922738030118,0.722090495949417,0.8380000000000001,0.992,1.0,0.99961745994901,1.0022424963166705,1.1191813094051577,0.8945033635022983,0.994,1.0,KT
Rbm10_Rbm10_Rbm10_Inert,775.0,1.0112063222410763,0.9986811672952602,1.0042247446489865,1.2321074672038317,0.8192826088973683,0.986,0.998,0.9559566866558872,0.9461590928467882,0.9561912177651845,1.2916419722081731,0.6562089524117141,0.662,0.992,1.0,1.0009388807070103,1.0041418052443682,1.1772794438644374,0.8572120178926089,0.988,1.0,KT
Rbm10_Rbm10_Rbm10_Rbm10,269.0,1.051818112158854,1.049890170835634,1.0426238048404586,1.2371166974360002,0.8165517751584003,0.6439999999999999,0.998,1.2470809369349158,1.2067107570731297,1.1725193534823235,1.5688432765898257,0.7142414405299743,0.4239999999999999,0.992,1.0,0.9964653388893184,1.0016209583293334,1.231202010923114,0.7999091061645631,0.976,1.0,KT
Rpa3_Inert_Inert_Inert,3543.0,1.0404640631018789,1.035667439313146,1.038399281051107,1.153892750124918,0.9431454442625342,0.538,0.998,1.0863144166544172,1.0727272727272728,1.0800195908742454,1.2727272727272727,0.9172550815849432,0.3759999999999999,0.992,1.0,0.9998279557695876,1.0009817680515614,1.0773342284145762,0.9284580305498265,0.996,1.0,KT
Rpa3_Rpa3_Inert_Inert,638.0,0.9827351829798144,0.9758318992469368,0.9808039662580366,1.116058763575451,0.872156765822144,0.736,0.998,0.8827608836850339,0.8771177487767137,0.8791053518255878,1.0833821071868344,0.7060069561164061,0.172,0.992,1.0,0.999651114381456,1.0005338961328785,1.1524151844791202,0.8601773922275943,0.99,1.0,KT
Rpa3_Rpa3_Rpa3_Inert,598.0,1.0061175028574845,1.0034958400615948,1.00708201627766,1.1325151835332976,0.8916439288081578,0.942,0.998,1.0339902722522287,1.0001740083698027,1.0204296731620568,1.46,0.6756165726053915,0.992,0.992,1.0,0.9992837824924768,1.0039114995949805,1.183594464029636,0.8416857991405314,0.994,1.0,KT
Rpa3_Rpa3_Rpa3_Rpa3,141.0,0.9888249786502472,0.9720577012609148,0.9842989547854296,1.2533768901560218,0.7845688447089794,0.824,0.998,0.9152887610531492,0.9132907434276304,1.0977835361409762,2.0741030410746464,0.5430081047736024,0.65,0.992,1.0,1.0132272773707038,1.0274803294667834,1.445139522745439,0.6892812163127198,0.942,1.0,KT
Rps9_Inert_Inert_Inert,2527.0,1.006176000446272,1.002949756085608,1.0027818741865102,1.0840567205884204,0.9224041210909664,0.946,0.998,1.0968615889038,1.0862766876688412,1.09446104884786,1.3249121831787147,0.9111098954241116,0.3819999999999999,0.992,1.0,1.0020684698626332,1.0016684729247554,1.0882528501097186,0.920594644446272,0.976,1.0,KT
Rps9_Rps9_Inert_Inert,659.0,0.9739678718554065,0.958603382394268,0.9711172117794012,1.1854591954905616,0.8338429683136243,0.67,0.998,0.9171829247801144,0.9160860430845804,0.9197063382705416,1.13019716232793,0.7359761647457077,0.352,0.992,1.0,1.006040375501276,1.0093272987954562,1.209002591692521,0.8435628409185542,0.938,1.0,KT
Rps9_Rps9_Rps9_Inert,659.0,1.1280334240710963,1.1285845683412614,1.1348385140786306,1.307827264785301,0.9967737404190888,0.056,0.998,1.412299361578415,1.4187424344822754,1.427108448305859,1.9545454545454548,0.9841269841269842,0.076,0.992,1.0,1.0003795881945052,1.0053709383993836,1.1827863144515676,0.8493746737521164,0.994,1.0,KT
Rps9_Rps9_Rps9_Rps9,198.0,1.0641829331072543,1.0512993048974324,1.0598857802112505,1.3056144704914163,0.8577594160166185,0.6339999999999999,0.998,1.0995729613830223,1.085215129826218,1.1738429056636852,1.8863636363636365,0.675,0.742,0.992,1.0,1.002701791458252,1.0051984974505663,1.2567714012652813,0.7704732215986498,0.98,1.0,KT
Setd2_Setd2_Setd2_Setd2,87.0,1.05889972370868,1.0080053106226043,1.0461358991273548,1.6335732482009098,0.6825898485014926,0.97,0.998,1.2155940067188389,1.0631416939795453,1.2274464081170486,2.058823529411765,0.3953381181450911,0.972,0.992,1.0,1.000815273001451,1.0149146742274662,1.4207578197629918,0.6948404911523588,0.994,1.0,KT
